<?xml version="1.0" encoding="UTF-8"?>
<kml xmlns="http://www.opengis.net/kml/2.2" xmlns:gx="http://www.google.com/kml/ext/2.2" xmlns:kml="http://www.opengis.net/kml/2.2" xmlns:atom="http://www.w3.org/2005/Atom">
<Document>
	<name>County_Boundaries</name>
	<Schema name="County_Polygons" id="kml_schema_ft_County_Polygons">
		<SimpleField type="xsd:int" name="OBJECTID">
			<displayName>OBJECTID</displayName>
		</SimpleField>
		<SimpleField type="xsd:string" name="FeatDesc">
			<displayName>FeatDesc</displayName>
		</SimpleField>
		<SimpleField type="xsd:string" name="NAME">
			<displayName>NAME</displayName>
		</SimpleField>
		<SimpleField type="xsd:string" name="CGNDB_KEY">
			<displayName>CGNDB_KEY</displayName>
		</SimpleField>
		<SimpleField type="xsd:double" name="SHAPE_Length">
			<displayName>SHAPE_Length</displayName>
		</SimpleField>
		<SimpleField type="xsd:double" name="SHAPE_Area">
			<displayName>SHAPE_Area</displayName>
		</SimpleField>
		<SimpleField type="xsd:string" name="FullName">
			<displayName>FullName</displayName>
		</SimpleField>
		<SimpleField type="xsd:string" name="NOTES">
			<displayName>NOTES</displayName>
		</SimpleField>
	</Schema>
	<Folder id="kml_ft_County_Polygons">
		<name>County_Polygons</name>
		<Placemark id="kml_11">
			<name>Kings</name>
			<description><![CDATA[<center><table><tr><th colspan='2' align='center'><em>Attributes</em></th></tr><tr bgcolor="#E3E3F3">
<th>OBJECTID</th>
<td>29</td>
</tr><tr bgcolor="">
<th>FeatDesc</th>
<td>Geographic County</td>
</tr><tr bgcolor="#E3E3F3">
<th>NAME</th>
<td>Kings</td>
</tr><tr bgcolor="">
<th>CGNDB_KEY</th>
<td>CASZX</td>
</tr><tr bgcolor="#E3E3F3">
<th>SHAPE_Length</th>
<td>414497.6232767908</td>
</tr><tr bgcolor="">
<th>SHAPE_Area</th>
<td>2210538710.893126</td>
</tr><tr bgcolor="#E3E3F3">
<th>FullName</th>
<td>Kings County</td>
</tr></table></center>]]></description>
			<Style>
				<IconStyle>
					<scale>0.8</scale>
				</IconStyle>
				<LabelStyle>
					<scale>1</scale>
				</LabelStyle>
				<LineStyle>
					<color>ff7effff</color>
					<width>1</width>
					<gx:labelVisibility>1</gx:labelVisibility>
				</LineStyle>
				<PolyStyle>
					<color>7f00ffff</color>
				</PolyStyle>
			</Style>
			<ExtendedData>
				<SchemaData schemaUrl="#kml_schema_ft_County_Polygons">
					<SimpleData name="OBJECTID">29</SimpleData>
					<SimpleData name="FeatDesc">Geographic County</SimpleData>
					<SimpleData name="NAME">Kings</SimpleData>
					<SimpleData name="CGNDB_KEY">CASZX</SimpleData>
					<SimpleData name="SHAPE_Length">414497.6232767908</SimpleData>
					<SimpleData name="SHAPE_Area">2210538710.893126</SimpleData>
					<SimpleData name="FullName">Kings County</SimpleData>
				</SchemaData>
			</ExtendedData>
			<MultiGeometry>
				<Polygon>
					<tessellate>1</tessellate>
					<outerBoundaryIs>
						<LinearRing>
							<coordinates>
								-64.49533013474409,45.3339050548502,0 -64.4956621575582,45.3340582260733,0 -64.4958654211292,45.3345074282083,0 -64.4962228631283,45.334850201657,0 -64.4969118211727,45.3350841914032,0 -64.4970658573356,45.335020961233,0 -64.4970391883694,45.3348322831658,0 -64.4960961938072,45.3338689080749,0 -64.49538139300689,45.3334282124061,0 -64.4952921403102,45.333140440816,0 -64.4942592093997,45.33200631185739,0 -64.49396496338829,45.33149349218419,0 -64.4932635758902,45.3308815862781,0 -64.4930334836378,45.3303328193662,0 -64.4924981466702,45.3295315088754,0 -64.49159337658389,45.3285595009213,0 -64.4914138621657,45.32847813567651,0 -64.4906869687438,45.3284966361834,0 -64.4904696530084,45.3286768004485,0 -64.4903297146499,45.32835278203891,0 -64.4901257737031,45.32836174661439,0 -64.4900876650409,45.3285143659651,0 -64.48993420599371,45.3285505748789,0 -64.48928398804919,45.3283790472462,0 -64.4887353430496,45.3279919420542,0 -64.4879960933366,45.3270024426656,0 -64.4874720501918,45.3269210630569,0 -64.48749797754741,45.32674159943941,0 -64.4872048221945,45.3267058152358,0 -64.48715302757689,45.326579572178,0 -64.4868349064469,45.3265162084196,0 -64.48661826237689,45.3263813116027,0 -64.48654138034399,45.3264174183097,0 -64.48666926363011,45.3265255678318,0 -64.4864524356654,45.3264806949819,0 -64.4861454996104,45.32655219390789,0 -64.48629864467399,45.3263089645443,0 -64.4860437471245,45.3261745739131,0 -64.4854956496044,45.3262465113546,0 -64.4854951000771,45.32695762039009,0 -64.4844874045577,45.3274613058239,0 -64.4840784859759,45.3274882284753,0 -64.4838372272182,45.32728973737721,0 -64.48370931359609,45.3274246199134,0 -64.4835053746212,45.32743357261801,0 -64.4815400585653,45.3272808831785,0 -64.4813748288293,45.3272083177934,0 -64.48134858282221,45.3270826404353,0 -64.48072442423231,45.3269296280539,0 -64.48071161118381,45.3267317568395,0 -64.47990731274299,45.32622731758109,0 -64.4792322781793,45.325344942454,0 -64.4788747130526,45.3246969832166,0 -64.4788756233679,45.324535848134,0 -64.47915663346269,45.32430177229641,0 -64.47915642744159,45.32395072422219,0 -64.4794369125498,45.3239416870405,0 -64.4796406833832,45.3237797217573,0 -64.47932164873539,45.3236803434816,0 -64.4792836947517,45.3235458160174,0 -64.47906709261881,45.3234109130312,0 -64.4778167645711,45.3230238552635,0 -64.4773323588353,45.323041820759,0 -64.477332485696,45.3231939411694,0 -64.4770258215888,45.3233743368324,0 -64.476911752074,45.3231579817869,0 -64.47596737111139,45.3229064723685,0 -64.47606929138951,45.3227530228574,0 -64.4755472647736,45.32250143719771,0 -64.475456850456,45.32231177863229,0 -64.4751891278468,45.3223206409791,0 -64.4749989717798,45.3220242557853,0 -64.4742713784018,45.3217177129066,0 -64.47391445685329,45.3216818180048,0 -64.4736211332507,45.3218350283289,0 -64.4736457418953,45.321996734116,0 -64.4734932380498,45.32216792824009,0 -64.47295731220549,45.3220686322406,0 -64.47276577437459,45.3219153819215,0 -64.47239681014349,45.3220056560931,0 -64.47211574391839,45.321942681906,0 -64.4720391755918,45.3218437461489,0 -64.4716309892804,45.3218976184563,0 -64.47129989894709,45.32162734804609,0 -64.47124917523131,45.3213930677658,0 -64.47091661440319,45.3214108662451,0 -64.47077703823869,45.3210958191116,0 -64.47053426635939,45.3210332294929,0 -64.47032997346339,45.3207811248754,0 -64.47016422274049,45.32073645372181,0 -64.47015234669369,45.320474668395,0 -64.46997359996659,45.3203221485783,0 -64.46886353894349,45.3202230269512,0 -64.4684679829049,45.3200246883382,0 -64.46779301077071,45.3199253569075,0 -64.46761450439119,45.3197818315499,0 -64.4670653956419,45.3197636980514,0 -64.46698928033349,45.3196818554685,0 -64.4668482378337,45.3197538789856,0 -64.4666959586166,45.32013209173851,0 -64.46656741788399,45.3199969238077,0 -64.4665038553583,45.31970879827371,0 -64.46578993556859,45.3198799953026,0 -64.465828681375,45.31960135666739,0 -64.4654455461167,45.31933983868411,0 -64.46303548516531,45.31899721037001,0 -64.46272951475299,45.3189075192404,0 -64.46278042255931,45.31875384407869,0 -64.46249961387601,45.3186998350682,0 -64.4619640836205,45.3186634913553,0 -64.4616322471018,45.3188081631949,0 -64.4614921474935,45.3185201149439,0 -64.4607908661267,45.3183391669086,0 -64.4604333915352,45.3183302407637,0 -64.45994924158811,45.3184561540166,0 -64.4597066978647,45.31869959252509,0 -64.4595150777216,45.3186903419524,0 -64.4593619618572,45.31859058531619,0 -64.4594392472379,45.3184203718466,0 -64.4593236150025,45.31824002388349,0 -64.4590059211106,45.31814057119021,0 -64.45894204794899,45.3179883652593,0 -64.4586993996394,45.3178798509578,0 -64.4580616865762,45.3178889106437,0 -64.4579977475385,45.31823086910001,0 -64.4574230729572,45.31860816531171,0 -64.4570913237506,45.31870691609511,0 -64.4565050082211,45.3186801965874,0 -64.4559443556808,45.3184101106569,0 -64.4556888647346,45.3181487311602,0 -64.45572787402151,45.3179781083097,0 -64.4559194987464,45.31778843573839,0 -64.4550393211023,45.3175458252208,0 -64.4538660022901,45.31746446661921,0 -64.45362336564691,45.31735594132011,0 -64.45325358368861,45.3174641668031,0 -64.4533299489273,45.3178061450538,0 -64.4531894585508,45.3179501554332,0 -64.4528826294603,45.3180755896434,0 -64.4525381203261,45.318174480689,0 -64.4515184552335,45.318164952878,0 -64.4510590503303,45.3180114723164,0 -64.4502941094307,45.3175342250239,0 -64.4500644094566,45.3172824064417,0 -64.4502947419838,45.3169590315181,0 -64.4497977528937,45.3168321273663,0 -64.4496069042665,45.31665272502111,0 -64.4475281271077,45.3164351784861,0 -64.4473366384356,45.3164808139359,0 -64.4473100002424,45.31668728250909,0 -64.447208501014,45.31675968945431,0 -64.4471067416942,45.3164711278529,0 -64.4463156615159,45.3163182333535,0 -64.4461381002014,45.31620976732239,0 -64.446188399525,45.3160300031378,0 -64.4449521468333,45.3159304474932,0 -64.4447598863497,45.3157951614025,0 -64.4442253430035,45.31569571238761,0 -64.4435108868166,45.31569575150601,0 -64.4432423326873,45.31582156681609,0 -64.4427202789346,45.31581196621891,0 -64.4427076398118,45.315515081644,0 -64.4424525294521,45.3154165916326,0 -64.4412152782801,45.3154781321426,0 -64.4410113441518,45.31533488591511,0 -64.4403350187546,45.3153794303267,0 -64.4401820874662,45.3154866763806,0 -64.43996565635859,45.3155047101123,0 -64.4400292279169,45.3157478443504,0 -64.439874906851,45.31590101439789,0 -64.4392761721337,45.316188509934,0 -64.4389319225936,45.3161973522584,0 -64.43810226313821,45.3159809776524,0 -64.43798820619941,45.31580958919861,0 -64.43777127090689,45.3159086372596,0 -64.4375797573028,45.315701318809,0 -64.4373755758123,45.31580020544091,0 -64.4368913527242,45.3157729990679,0 -64.4365721987521,45.3159165384761,0 -64.4358577386035,45.3159165297541,0 -64.4355015192768,45.3157544867144,0 -64.4351442176178,45.31544844356549,0 -64.4350418762036,45.3152858971117,0 -64.4350548959148,45.3150436060438,0 -64.4343029890389,45.31477310880521,0 -64.43333454437121,45.31456564483139,0 -64.4324543746435,45.3145199900972,0 -64.43173988228649,45.3143660337026,0 -64.43116555238279,45.3143570368456,0 -64.4304137098061,45.31423954603899,0 -64.4280538572804,45.31420249697459,0 -64.4277611494293,45.3141296576786,0 -64.4271872758508,45.3142916518716,0 -64.42689408602401,45.3143007197323,0 -64.4266770434829,45.3141927171871,0 -64.4257591299836,45.3142185934626,0 -64.4243937792032,45.31390259666001,0 -64.42430493131459,45.3139208084039,0 -64.4244316269715,45.3141910678015,0 -64.4243304604779,45.314379559051,0 -64.4237693296558,45.31423533980449,0 -64.423412109522,45.3142352962272,0 -64.42309358983771,45.3137937021589,0 -64.4227751797404,45.3137130603834,0 -64.4226214876857,45.31358715748561,0 -64.42236699917351,45.3136137338703,0 -64.4223802013063,45.31347854885719,0 -64.4222008313282,45.3133970721681,0 -64.4218443670314,45.3134780355028,0 -64.4217170850166,45.3133877986993,0 -64.42162741199471,45.3131179750299,0 -64.4208117417521,45.3127932845502,0 -64.4205950893794,45.3128022922151,0 -64.4205054129353,45.312991528238,0 -64.4185549800653,45.3126926455652,0 -64.41711477821531,45.3121344549358,0 -64.4160303959833,45.311980492717,0 -64.4156221706139,45.3118271433138,0 -64.41461539194231,45.31166409452139,0 -64.4133666427489,45.3113123142623,0 -64.4113395810399,45.3104921774046,0 -64.41048480217221,45.31028401409,0 -64.4086119758684,45.3096617521022,0 -64.40704496143449,45.308869162762,0 -64.4045713006084,45.30798510038671,0 -64.40381974888621,45.307615391348,0 -64.40283810252269,45.3073808268866,0 -64.40232997563341,45.30658775000081,0 -64.40180758440199,45.30614680022269,0 -64.4014008221988,45.3052732613036,0 -64.39980252345801,45.30081739645931,0 -64.39962056486711,45.2998970664086,0 -64.3992094299188,45.29952675097119,0 -64.398764493529,45.2999184559051,0 -64.39852737691059,45.2999958939775,0 -64.3982599359214,45.2999241991113,0 -64.398132909642,45.29981043890309,0 -64.3980618155928,45.2995074231229,0 -64.39772067995889,45.29941591771789,0 -64.3975752258884,45.2992632355566,0 -64.3975485900245,45.2990149433938,0 -64.39766964075569,45.2988597169077,0 -64.3975835223611,45.2986769723624,0 -64.3977552805503,45.29861297487389,0 -64.39816756716181,45.2979620197449,0 -64.3984730808656,45.2979096681706,0 -64.3985266343998,45.2979635692248,0 -64.39824079273851,45.2980503802435,0 -64.3980912514581,45.2981868914887,0 -64.39777816288171,45.2990977345103,0 -64.39782838433359,45.2991691303941,0 -64.3983471348273,45.299214901174,0 -64.3982969273448,45.2997054080971,0 -64.3983707446623,45.2998556007642,0 -64.39863502055231,45.29978304190941,0 -64.39881336489189,45.2995770642027,0 -64.3988650663471,45.2992833451306,0 -64.3993925503672,45.29886704378261,0 -64.3992969987392,45.2982077926402,0 -64.39896635453221,45.2974692232376,0 -64.3987908284803,45.2957773129213,0 -64.3982979056981,45.29357261151419,0 -64.39774282503051,45.2903416083118,0 -64.3972802135787,45.2847979058838,0 -64.39800965237529,45.2832956374621,0 -64.39817752595251,45.28260317226509,0 -64.3984963976432,45.2820366764774,0 -64.39858684143231,45.2815143860835,0 -64.39928913505859,45.2805705296297,0 -64.3994683109857,45.2801830718149,0 -64.39953299866551,45.27959898664331,0 -64.3992789968173,45.27932845828899,0 -64.3996242084531,45.279004674544,0 -64.40161418420151,45.2780612067122,0 -64.40248273196509,45.2768830522291,0 -64.4029291974927,45.2764787928035,0 -64.4036821359721,45.2761463925024,0 -64.40475226485771,45.2759586068595,0 -64.4053393351315,45.2755184019028,0 -64.4055565028865,45.2753293981117,0 -64.40560854548239,45.27511362322141,0 -64.40625996278111,45.27428556895019,0 -64.4067697002115,45.2740704539009,0 -64.4072290808641,45.273675028969,0 -64.4077521990345,45.2734858396858,0 -64.4082747074883,45.273117545279,0 -64.4092712005739,45.2719665650062,0 -64.4092335477882,45.2717329929806,0 -64.4095655655448,45.2712923238595,0 -64.40999881646179,45.2711303473682,0 -64.4101768909437,45.2709598206303,0 -64.4102289124034,45.2707440438515,0 -64.410407025898,45.270626624664,0 -64.4111725778433,45.27044793470821,0 -64.41138957885531,45.2701509048589,0 -64.41160730741861,45.2695748214897,0 -64.41225775698091,45.26876564798091,0 -64.41247473087181,45.2686216405897,0 -64.41276785923981,45.2685676045182,0 -64.4133793494056,45.2687571647412,0 -64.4142078242408,45.2686496866901,0 -64.4148449859466,45.26879481396301,0 -64.41587718152959,45.2688315213273,0 -64.4178916075273,45.2677173412519,0 -64.41835106242171,45.26732997212431,0 -64.4193076786391,45.2669436208251,0 -64.4197167096258,45.2664767605541,0 -64.41984504183191,45.2656938404326,0 -64.42010058603999,45.2653603087734,0 -64.420622182462,45.2652170049347,0 -64.4215791885495,45.2646955992993,0 -64.4224328725975,45.2645796464272,0 -64.4230829544787,45.2642735954932,0 -64.4235294902772,45.2639322827873,0 -64.4237974730798,45.26384251738101,0 -64.4239629443132,45.2636802366649,0 -64.42483076369891,45.2632130249687,0 -64.4249707451817,45.2630510519999,0 -64.424958443191,45.2627631599493,0 -64.4252262532425,45.26225933673311,0 -64.42535461521361,45.2621425155133,0 -64.4258638066287,45.2621163522962,0 -64.4259151559243,45.26177455670471,0 -64.4261833421865,45.2615407693472,0 -64.4266175207927,45.2613697169677,0 -64.4276231233471,45.26131663677,0 -64.4281330401525,45.261370567085,0 -64.42897551657011,45.26075962727761,0 -64.42965020334989,45.26047214303299,0 -64.4300716657023,45.2600491878929,0 -64.4310535018637,45.2597614471224,0 -64.4311811679086,45.25961762382309,0 -64.43116772637821,45.2594377548257,0 -64.43139851620479,45.25893438134721,0 -64.4320231690082,45.2587366157342,0 -64.4326726542554,45.2582594907589,0 -64.4325971228439,45.25804350439681,0 -64.4321898392096,45.2578631862418,0 -64.4321257998281,45.2576479554855,0 -64.43221552230401,45.257566716956,0 -64.4326619047593,45.25747740155221,0 -64.4332224676172,45.2574685637161,0 -64.433807719876,45.2576304314368,0 -64.43404989228949,45.25763099873821,0 -64.4347254781872,45.2572804547726,0 -64.43532483361309,45.2570919909761,0 -64.43588525056281,45.2567230851708,0 -64.4358477243257,45.2562455813678,0 -64.43615444295619,45.2559761805447,0 -64.4365239632595,45.2559220138518,0 -64.4371734631972,45.2560038613067,0 -64.4377723551726,45.2557973786766,0 -64.4385499259994,45.255752485201,0 -64.4398759165379,45.2551686763866,0 -64.4405256618189,45.2551595782751,0 -64.44066553616889,45.25534864323251,0 -64.44062579354539,45.2558433321764,0 -64.4408295767216,45.25588845861239,0 -64.4410726481353,45.25567295645569,0 -64.44108526200669,45.2554657643891,0 -64.4414298098161,45.25523187757539,0 -64.4418888071702,45.2550883586131,0 -64.44186345432399,45.2547916317657,0 -64.4420798322796,45.2546295730623,0 -64.44199192804579,45.25402668774961,0 -64.44213238339,45.2534326192909,0 -64.4423235321392,45.2531808555573,0 -64.4430110822979,45.25305515624819,0 -64.44313897194171,45.2528213025539,0 -64.44312658178519,45.2525334134419,0 -64.4434714645713,45.2520114704398,0 -64.44390480187749,45.2516612349876,0 -64.4441978126237,45.25160712018071,0 -64.44442704496259,45.2513998872238,0 -64.44484736324139,45.2513909671762,0 -64.44503932374499,45.2511211947451,0 -64.44572758723881,45.25082443392549,0 -64.4460582572591,45.2507977418203,0 -64.44609748343071,45.2506361192711,0 -64.4464156986363,45.2504205628652,0 -64.4464790316914,45.25020462612131,0 -64.44730842123749,45.2494937919763,0 -64.44798343821439,45.2492781981015,0 -64.4485827447936,45.2492426808246,0 -64.4487858912502,45.24941383955719,0 -64.4487730030835,45.2498091665694,0 -64.4490529386571,45.2500432513994,0 -64.44983031420659,45.2500441911364,0 -64.4503913149475,45.24985522620799,0 -64.45101571949419,45.24995440789511,0 -64.4512705238466,45.2498017446739,0 -64.4520981905675,45.24967600036891,0 -64.45306724393321,45.24884813808049,0 -64.4535761752866,45.2488668625268,0 -64.4540614872494,45.2487589652243,0 -64.45529741493441,45.24790428046601,0 -64.4552461632139,45.2475439759483,0 -64.4554002621275,45.2469416149314,0 -64.4563057779132,45.2454754324705,0 -64.4564462865148,45.2454394343172,0 -64.4575024955129,45.2455834786342,0 -64.4577702154901,45.245538662367,0 -64.4580124736536,45.2453951367805,0 -64.45909645151229,45.2442345020716,0 -64.45960603711571,45.24408126377789,0 -64.4595894563554,45.2439462830487,0 -64.4593331060268,45.24376543594149,0 -64.4594269255021,45.2437211285684,0 -64.4592280172959,45.243505422314,0 -64.4594759207059,45.2432434524034,0 -64.45975733941169,45.2433016669654,0 -64.4599350349268,45.24302937803869,0 -64.45997415308069,45.24365723282801,0 -64.46019797799561,45.2437835047118,0 -64.46037105360639,45.2437437186063,0 -64.46052168417479,45.2435649490202,0 -64.4609110003837,45.2434320656705,0 -64.46170833142109,45.2435781868252,0 -64.4627529496404,45.243569306507,0 -64.4628546822736,45.2433627698728,0 -64.4637458333853,45.2430840033742,0 -64.4643204189419,45.242634672138,0 -64.4646632896698,45.2426887737627,0 -64.4649190403708,45.2426251823078,0 -64.46490584409899,45.2425083328483,0 -64.46466342015771,45.2423467171078,0 -64.4646640045617,45.2422206893487,0 -64.46481632924871,45.2420495165997,0 -64.4651615165065,45.2419955696502,0 -64.4653396884916,45.2416899338778,0 -64.4656959886358,45.2416718574572,0 -64.466396323902,45.2418518935667,0 -64.46671473457791,45.2417982949331,0 -64.4672889262494,45.2414830578269,0 -64.46787493671449,45.2414296259791,0 -64.4682689001031,45.24124093017011,0 -64.4688936840532,45.24115998106579,0 -64.46890678644,45.2413218385152,0 -64.4690085810377,45.241366436043,0 -64.4697857128015,45.24121421040639,0 -64.47005304636249,45.2410073355383,0 -64.4701805605474,45.2410606022706,0 -64.47012846162789,45.2412142977871,0 -64.4705500984772,45.2411602594382,0 -64.4706769030512,45.2407913669312,0 -64.47137762894511,45.2400982276678,0 -64.47240963946891,45.2393071966867,0 -64.4728692025928,45.23914464326249,0 -64.4734934165308,45.23909158088319,0 -64.47384928999909,45.2395505615268,0 -64.47456247104979,45.23978439094479,0 -64.475173587626,45.2397665941772,0 -64.4753780093925,45.2396406416624,0 -64.47688127563261,45.2398300284865,0 -64.4785109951202,45.23978552957249,0 -64.4796070394399,45.239551703016,0 -64.4817592004669,45.2393626542321,0 -64.4824212270393,45.23914702627211,0 -64.48347846546091,45.2390387775598,0 -64.4838487471027,45.2389223473847,0 -64.4845108325449,45.2385626834753,0 -64.48598860888001,45.23694300070829,0 -64.4862943267761,45.23684361459631,0 -64.4874027647576,45.2368435715305,0 -64.48770857974201,45.2366010484061,0 -64.4881663690106,45.2364213538878,0 -64.4893251469838,45.236349533549,0 -64.48993639329341,45.2368258354068,0 -64.48998761714751,45.23717712327949,0 -64.4902176460008,45.2372038255657,0 -64.49031952561479,45.2373483189881,0 -64.4914904879289,45.23730332189169,0 -64.4923824819894,45.237114336323,0 -64.49256042802099,45.2369526844583,0 -64.4930064891639,45.23700626124461,0 -64.49413947178731,45.23648466630709,0 -64.494790120171,45.2364212400229,0 -64.495248780125,45.236178486673,0 -64.49593636918461,45.2356293923216,0 -64.495643015027,45.2354226021985,0 -64.4955541165377,45.2350448060877,0 -64.49487841042939,45.2345405737129,0 -64.49457327331039,45.23412690183601,0 -64.4961781877531,45.2348917056657,0 -64.49636906617179,45.2351259418524,0 -64.4964840069768,45.2354763916104,0 -64.4968783949937,45.2355036263178,0 -64.497655725318,45.23541331858791,0 -64.4977823701466,45.23553047613061,0 -64.4977188773435,45.2356834334808,0 -64.49783321950881,45.2357197393929,0 -64.4988523906416,45.2356208493816,0 -64.4997690379532,45.2353054623414,0 -64.49993484157569,45.2352159700543,0 -64.500113979236,45.2349543749818,0 -64.5003815574469,45.2348104365824,0 -64.5006868598777,45.2347929220491,0 -64.5011584542295,45.23494604813519,0 -64.50153937197661,45.23494554001091,0 -64.50169271552561,45.23472118765699,0 -64.50192226640441,45.23472987014719,0 -64.5021899876723,45.23463993426001,0 -64.5026603908139,45.2343610005697,0 -64.5037947626531,45.2340904245304,0 -64.5059845738252,45.233263133267,0 -64.5064556300678,45.2331552022568,0 -64.50733417412459,45.23275024241531,0 -64.5073982108088,45.2325702675174,0 -64.5077172455744,45.2325426511565,0 -64.5082513740272,45.2322187444387,0 -64.5087096243372,45.2321559807071,0 -64.5088762523923,45.2322905922724,0 -64.5090920368792,45.23230846178521,0 -64.5098818135953,45.23220979678189,0 -64.5101747495129,45.2319664831535,0 -64.5119194476118,45.2313186902268,0 -64.5125437680676,45.2309854677351,0 -64.5126201097569,45.23088634922101,0 -64.51255633329851,45.23078726867789,0 -64.5127220368328,45.23074276641031,0 -64.5129754754187,45.230499968875,0 -64.5129002378273,45.2304010493941,0 -64.5125558850044,45.2303381006548,0 -64.5127345380093,45.23015750443031,0 -64.5131546849799,45.2301483364571,0 -64.5135234171034,45.2304098929785,0 -64.5139184714603,45.23046317404479,0 -64.5141222234403,45.2307962184598,0 -64.5139191803637,45.2309222312023,0 -64.5138932474533,45.231048595795,0 -64.5146057619462,45.2311111579217,0 -64.5154727409782,45.2307062889103,0 -64.5161986370037,45.230553537096,0 -64.5171659070633,45.23018422043829,0 -64.5181464283576,45.2292125292597,0 -64.5189986771523,45.2287349173079,0 -64.5195091827472,45.2286273077855,0 -64.5206543742889,45.2286264636458,0 -64.5215213550251,45.2287976435348,0 -64.5219408708075,45.2283833849676,0 -64.522565050437,45.2282391407028,0 -64.5227807971426,45.2281138433056,0 -64.52304842844509,45.227879835609,0 -64.52306096930511,45.2276816357006,0 -64.5234940637523,45.2272041798734,0 -64.523888691522,45.2270512892084,0 -64.5242069179821,45.2270425497198,0 -64.5243471647518,45.22680843012111,0 -64.52455134693609,45.2267273910335,0 -64.52528891025381,45.2267274418994,0 -64.5258622114865,45.226825999199,0 -64.5259267854742,45.226907058706,0 -64.5262823632727,45.2269608066163,0 -64.52671941003319,45.2271718181552,0 -64.52756073906561,45.22705840731539,0 -64.5276687101927,45.2270703119199,0 -64.52764964974121,45.2271514902697,0 -64.5278398617055,45.2271496562392,0 -64.52875207163351,45.2269067739566,0 -64.5290127538771,45.2266969243024,0 -64.5296570654568,45.226734714713,0 -64.53099448180051,45.2266357757422,0 -64.5318606292919,45.2264918364732,0 -64.5343181197594,45.2257441229405,0 -64.53537464211711,45.22552738897511,0 -64.5356157110372,45.2253027200318,0 -64.53634151677841,45.2251039173129,0 -64.53686353498701,45.2250950926142,0 -64.5370547884834,45.2253382587854,0 -64.53760300127441,45.2249780205241,0 -64.5381376886122,45.2248249958094,0 -64.53867243704499,45.22481599139331,0 -64.5389901187545,45.2245992666026,0 -64.5393588836607,45.2245276942297,0 -64.5399319830524,45.2241941139027,0 -64.5401618206382,45.2241676104237,0 -64.5420713431576,45.2230418604438,0 -64.54268193453539,45.2228706868873,0 -64.5435096151696,45.2228613029601,0 -64.54451547064239,45.2225641657723,0 -64.54559732902391,45.2219698248776,0 -64.5468826731112,45.2207543259318,0 -64.54735367078359,45.2207443444628,0 -64.5476199696506,45.2204661911572,0 -64.5477483455377,45.22045635002339,0 -64.5477991414004,45.2205915837198,0 -64.54791275155949,45.2206008456049,0 -64.54856222831771,45.2204561182831,0 -64.5497212570853,45.21979859136,0 -64.5500766794505,45.2197541612045,0 -64.5506376058152,45.219960781012,0 -64.5511719284719,45.21984370674231,0 -64.5516682134418,45.2195462174436,0 -64.5524697893823,45.2186729924431,0 -64.5531950781851,45.2181329354282,0 -64.55370386689,45.2175472206334,0 -64.5541618292706,45.21734025668859,0 -64.5542258989932,45.2172142644559,0 -64.5554340170056,45.2162598643807,0 -64.55619793195309,45.215737274512,0 -64.5581190309729,45.214684014643,0 -64.5587174529411,45.21430498880319,0 -64.5588949375457,45.21408923178599,0 -64.56034527255029,45.2132421922536,0 -64.56118622395761,45.2130713741981,0 -64.5615678828146,45.212917632469,0 -64.562242077029,45.2129354257341,0 -64.56390992557731,45.21259304801481,0 -64.5647633648975,45.21264615992321,0 -64.5668115685057,45.2121500133189,0 -64.56800865875459,45.21182572572121,0 -64.5695994240081,45.211275489637,0 -64.5720167097891,45.2106355547187,0 -64.5729199139716,45.2101847311277,0 -64.5736329719328,45.2099507908102,0 -64.5747401458819,45.20987792132,0 -64.57606398373341,45.2099037586726,0 -64.5766630930088,45.2097865723301,0 -64.5775150391358,45.2097406117985,0 -64.5784710814881,45.20982100859599,0 -64.5796407849341,45.2095230919171,0 -64.5805576407236,45.2095680165206,0 -64.5816652957117,45.2095130852363,0 -64.5821241846584,45.209575131192,0 -64.5826589272648,45.2097549519561,0 -64.58324419270291,45.20978194581051,0 -64.5843511723193,45.209564962944,0 -64.5852557149062,45.2092580648771,0 -64.588727541867,45.20767148105989,0 -64.5902802328275,45.2072745222751,0 -64.5913490800266,45.2067429449437,0 -64.5923419039235,45.2064995806324,0 -64.59368981714449,45.2059757925684,0 -64.5943522529939,45.2058495291301,0 -64.5951655768385,45.2053809015596,0 -64.5959544061424,45.2050386302295,0 -64.59672979002239,45.20444359309361,0 -64.59774846965421,45.2043528447669,0 -64.59857491091999,45.2041270476738,0 -64.5987409980326,45.2040104052514,0 -64.5989185791847,45.2036676665621,0 -64.5997313433684,45.20313602314871,0 -64.6015378288549,45.20226185151261,0 -64.60252144012691,45.20191779917741,0 -64.6027212382614,45.2020237589028,0 -64.60329019677,45.2019549851458,0 -64.60373298102699,45.20150256778281,0 -64.60539269632569,45.201241878377,0 -64.60588826864,45.2010251682406,0 -64.6065119578551,45.2006104319887,0 -64.60725020306489,45.2004209152321,0 -64.6076947960682,45.2004290586825,0 -64.60836988495009,45.2002125195352,0 -64.6086874356772,45.2001855337499,0 -64.6093118128681,45.2002028487462,0 -64.6094898093119,45.2002840530092,0 -64.6102027891713,45.2003730255627,0 -64.6130055812301,45.201783583958,0 -64.6143557024218,45.2022046723807,0 -64.6155668300199,45.2028878517625,0 -64.6163055635252,45.2031204440474,0 -64.61631854894711,45.2033092805347,0 -64.61672600502121,45.2035789548894,0 -64.6169035041622,45.2033271029585,0 -64.61733666763701,45.2034253756046,0 -64.61802320475449,45.20311861236021,0 -64.61813728451961,45.2028307514189,0 -64.619242686044,45.2018042245886,0 -64.61980211452151,45.20141643116721,0 -64.6195248468875,45.2008363983777,0 -64.6190308710356,45.2005758368953,0 -64.6188467925402,45.2003807580513,0 -64.6190505541817,45.2002223699274,0 -64.6199773654662,45.2006497893402,0 -64.61998342434229,45.2007668655794,0 -64.6198502757878,45.20083584192621,0 -64.61997930479311,45.2013774528154,0 -64.6199172341683,45.20188377083489,0 -64.6201212127396,45.2019375856784,0 -64.6202352986695,45.20187475742619,0 -64.62027346911169,45.2014250461095,0 -64.620882796472,45.20095642687911,0 -64.6219631797823,45.2002623802345,0 -64.6229806771088,45.1998653612168,0 -64.6244183214895,45.1995577690807,0 -64.6264034453017,45.19938458622271,0 -64.6275753256156,45.1995812246783,0 -64.6282114098844,45.1996072621848,0 -64.6290508717649,45.1993090400047,0 -64.6302335098528,45.19867825664879,0 -64.6308952465232,45.1984437685565,0 -64.632790585035,45.1980269150533,0 -64.63401199433019,45.1978636147144,0 -64.635425206593,45.1979072867424,0 -64.6357559901206,45.19798807058219,0 -64.63579529508171,45.19824853381569,0 -64.6360489011395,45.198212502671,0 -64.6361125106625,45.1980774680902,0 -64.63640535655141,45.1981218785132,0 -64.6363170926855,45.19841929428171,0 -64.636710706041,45.19824802284879,0 -64.6370799091852,45.19824722913191,0 -64.6372719718393,45.1984182130008,0 -64.6375647718635,45.1983725967648,0 -64.6377046484382,45.1985884270525,0 -64.6379719776603,45.1984981765515,0 -64.6390802473484,45.19878471917621,0 -64.64028872411789,45.1987475562908,0 -64.64196749409,45.198195930385,0 -64.6425021990927,45.1981504401338,0 -64.64349437589,45.1978976095391,0 -64.6447027598677,45.197725378511,0 -64.64621681256919,45.19733629085461,0 -64.6469796795211,45.1969031148829,0 -64.6474361720455,45.1963537445779,0 -64.6488469291528,45.1957401748276,0 -64.64919092262269,45.1957487077072,0 -64.64944481288001,45.1954146743793,0 -64.6497235331761,45.1952351168483,0 -64.6505002783817,45.1951077687801,0 -64.6508039612463,45.1945587852482,0 -64.6524678646166,45.1934131205217,0 -64.6527983026907,45.1929537686463,0 -64.6534960716985,45.1923864602232,0 -64.653914937469,45.1920797322787,0 -64.6543221781622,45.1918992106186,0 -64.6557578830285,45.19083512754219,0 -64.65620288388941,45.19077195348,0 -64.6571561147172,45.19045566832741,0 -64.6587843463814,45.190281703454,0 -64.6618622292186,45.1894411936013,0 -64.6627896311258,45.1890703284403,0 -64.663337666823,45.1889615273883,0 -64.6635915851239,45.1887633945073,0 -64.66407499609581,45.1887086406554,0 -64.66451876726251,45.1884294248298,0 -64.6649260255663,45.1883388715431,0 -64.66526876939641,45.1881313380737,0 -64.66683352798501,45.18766113438429,0 -64.66685790509371,45.1873187117605,0 -64.66750549437791,45.1869581935113,0 -64.6674158642644,45.1866345481542,0 -64.6675032462998,45.1864451398726,0 -64.6681549989087,45.18705582080359,0 -64.6686517911855,45.1871547769177,0 -64.6691853316858,45.1871172705697,0 -64.67019018010301,45.1868730324246,0 -64.6715640568827,45.186798911172,0 -64.67217442123381,45.1864290100194,0 -64.67348422561,45.1862108799789,0 -64.6751869903968,45.1856323086047,0 -64.6754167432631,45.18574055513889,0 -64.67595141631701,45.18582902178009,0 -64.677007374764,45.1858099202509,0 -64.6778360804603,45.1861145945993,0 -64.6795410886951,45.1860039950354,0 -64.680380843745,45.1861644640793,0 -64.6810933713909,45.1861539718705,0 -64.6818444438528,45.18598268039159,0 -64.6819707031142,45.1857746853159,0 -64.6824025912601,45.1856576015742,0 -64.6838128006127,45.1847015586745,0 -64.6840914942089,45.1846560310448,0 -64.68451269369341,45.184781237669,0 -64.68607586587331,45.1842657836037,0 -64.6863674201575,45.1839230106296,0 -64.68679966269789,45.18390492167061,0 -64.6867993954117,45.1836798878752,0 -64.6870908329481,45.1834631449184,0 -64.6873586151582,45.1836518188702,0 -64.6875885081963,45.1836781250672,0 -64.6897752544988,45.183332520126,0 -64.6905766221292,45.1831424237234,0 -64.6911860831849,45.1827904376826,0 -64.6917972282554,45.1827534762339,0 -64.69243171087849,45.18247312475759,0 -64.69356392125,45.1822375945764,0 -64.693780410972,45.18232709774101,0 -64.694173477554,45.1819756063041,0 -64.69486078751881,45.18180337549369,0 -64.69541995007999,45.1815592317253,0 -64.6970090400705,45.1811512524528,0 -64.69751741589199,45.1811688972178,0 -64.6981154194152,45.1810330898703,0 -64.698840795213,45.18115730954479,0 -64.69942620423799,45.1811116888516,0 -64.7002413623144,45.18134439006061,0 -64.7009538869725,45.18137878127439,0 -64.7014384011234,45.18162090141779,0 -64.70221403357441,45.1816372591719,0 -64.70521580490509,45.1810559440335,0 -64.7065366028678,45.1805321187543,0 -64.7071101249449,45.18055774791299,0 -64.7076936662239,45.1801520516756,0 -64.7090404756179,45.1796908274567,0 -64.7095478775239,45.1792934538008,0 -64.71099573312161,45.1785525365867,0 -64.7129785226907,45.17791069144631,0 -64.7137526782934,45.1775399089341,0 -64.7140193589043,45.1773504728386,0 -64.7142348925636,45.17702588124461,0 -64.7154437761166,45.1772309647179,0 -64.71595273106669,45.1771846072763,0 -64.71693107826,45.1767063060078,0 -64.7171718443645,45.1764173262356,0 -64.7174629761673,45.17623742473799,0 -64.7208178146185,45.17509681419799,0 -64.72405994029521,45.1744429717577,0 -64.7258404760555,45.1742774369938,0 -64.72729093478139,45.17426539594279,0 -64.72862585756261,45.17413626598609,0 -64.72940105905511,45.1739733049271,0 -64.7306078036485,45.1735202287048,0 -64.7313961650742,45.1733300407531,0 -64.7362552871961,45.1730861000081,0 -64.73774129370339,45.1725702018175,0 -64.739903276977,45.1721880074286,0 -64.7411091496832,45.17162682582631,0 -64.7418206736545,45.1715898660063,0 -64.7429135804457,45.1711645121962,0 -64.74337158752959,45.17111881114219,0 -64.743381267979,45.1705605657243,0 -64.7437522223848,45.17108149150481,0 -64.74343674117441,45.17158589781771,0 -64.743476428874,45.17180222953329,0 -64.7437416814841,45.1714867233401,0 -64.74436468658109,45.17126026646221,0 -64.74477179911879,45.1712144463804,0 -64.7450392296743,45.1713039656625,0 -64.74562356730711,45.17131123379951,0 -64.7475054319147,45.17101059149379,0 -64.75284862037449,45.1709988765341,0 -64.7535602666118,45.17092494371051,0 -64.7540830940866,45.1711671455212,0 -64.75435059651529,45.1711756366059,0 -64.75521535220921,45.17094900455141,0 -64.755683772206,45.170704158518,0 -64.75635774854609,45.1705227594883,0 -64.7572488709186,45.1705747645173,0 -64.7586214227119,45.1703915877257,0 -64.7595501766634,45.1704258829396,0 -64.7598688964442,45.1703624588961,0 -64.75998180012,45.170226594258,0 -64.76024973902329,45.17020805995891,0 -64.7607332922744,45.1704139396326,0 -64.7614964946802,45.1704030641942,0 -64.76154818555359,45.17051119481529,0 -64.76186714644901,45.1705377774524,0 -64.76234978383251,45.1703836004636,0 -64.7626914994882,45.170157775621,0 -64.7634897490304,45.16942711749,0 -64.76359169270739,45.16939043614279,0 -64.763820985134,45.1694805097816,0 -64.7640358798467,45.1692278443538,0 -64.7643664860873,45.1691372191102,0 -64.7644931048802,45.1689930364121,0 -64.7648109190348,45.16898272190619,0 -64.7649230003059,45.1685327088641,0 -64.76545509251309,45.16812660887791,0 -64.7660507636664,45.1675133857211,0 -64.7676227332814,45.1663755541692,0 -64.76854710598469,45.16536565549099,0 -64.77032281860831,45.1642363303781,0 -64.7713000027895,45.16386560707841,0 -64.7739266740569,45.1626077970506,0 -64.7746261657265,45.16259782533589,0 -64.7752114749526,45.16243389639679,0 -64.775427103048,45.1622892170412,0 -64.7758587348202,45.1622167911267,0 -64.7764818718601,45.16220619546581,0 -64.7766480438496,45.1623944444812,0 -64.77697869088129,45.1624298054761,0 -64.7772959843745,45.1622403320309,0 -64.77897390238761,45.1619837537127,0 -64.7797869572443,45.16173883759799,0 -64.78095446195449,45.16123183909829,0 -64.781260250231,45.1612045638851,0 -64.7815893793382,45.161068912665,0 -64.7823632924903,45.16058963658941,0 -64.78307385350681,45.1602823853239,0 -64.78346809441631,45.1602357281969,0 -64.78379726040799,45.1598570070779,0 -64.7840258825357,45.15972201007861,0 -64.7846095534382,45.1596300715596,0 -64.7853196894972,45.1591877878488,0 -64.7857382713855,45.15902461166999,0 -64.7862723490761,45.1588524253969,0 -64.78759445374369,45.1587768103506,0 -64.7889164557112,45.1585760764057,0 -64.79055299743941,45.1577348669737,0 -64.7911989984583,45.1573187569365,0 -64.79236743263149,45.1569286477457,0 -64.79291168428379,45.1564331103952,0 -64.7942939531966,45.1556012500008,0 -64.79467362896079,45.1552946164874,0 -64.7954983853719,45.1548603683792,0 -64.79603041240961,45.1544631263852,0 -64.7979713069475,45.15355760905511,0 -64.7982634584537,45.1533414585602,0 -64.79941878116129,45.1530235054412,0 -64.7998641297539,45.1529858785716,0 -64.8004362679324,45.1529750568385,0 -64.8014412299424,45.153134728248,0 -64.80342509770981,45.1531115190083,0 -64.8056375973905,45.1528353039183,0 -64.8065383460893,45.15263561998181,0 -64.807099352771,45.1527959733723,0 -64.80824391521401,45.1527031373213,0 -64.81035257793749,45.15228264779759,0 -64.8108723535731,45.1519845502639,0 -64.8110155271464,45.1517935768184,0 -64.8101766354031,45.1513231838566,0 -64.81023402671821,45.1512377750168,0 -64.8105305646248,45.15115069832699,0 -64.8112878734423,45.1512553030654,0 -64.8117071450679,45.15153430124479,0 -64.8113979011145,45.1517162173591,0 -64.8115528367149,45.1520241463661,0 -64.81153996135519,45.1522561441937,0 -64.8117114020711,45.1522570874841,0 -64.81322238660699,45.1514746626828,0 -64.8142636793617,45.1512555911051,0 -64.815977907893,45.15075573932351,0 -64.81634636720131,45.15078138390369,0 -64.8169820660235,45.1506902623133,0 -64.8179118081466,45.15080417700289,0 -64.81820305608601,45.15064200937411,0 -64.81855934012199,45.15060482882699,0 -64.81885135552599,45.1506667895698,0 -64.8192190020975,45.1504673953815,0 -64.8205156576409,45.1502387871373,0 -64.8213543396957,45.1502101075919,0 -64.82275360509399,45.1503678101267,0 -64.82321190634489,45.1502587729585,0 -64.8235927926287,45.1502751939839,0 -64.8241632431031,45.150013132991,0 -64.8260967769609,45.1499714206912,0 -64.82672051677569,45.1500235540941,0 -64.8274454896125,45.1501388759963,0 -64.8275362168376,45.1503903715856,0 -64.82764999420991,45.1504074538182,0 -64.8289593294928,45.1501794466542,0 -64.82951639850241,45.1498176542291,0 -64.83052795771709,45.1487527407952,0 -64.831161867821,45.1484086116611,0 -64.8320637352554,45.1482087074761,0 -64.8327609003691,45.1477744373413,0 -64.8333069828803,45.1477458747573,0 -64.8334608048945,45.1478622183374,0 -64.83358781987,45.1478169704571,0 -64.8351404615571,45.1459763803366,0 -64.8363412685262,45.1447490432836,0 -64.8373533271338,45.143864086505,0 -64.8381773639211,45.1435015650301,0 -64.83906666813169,45.143309910138,0 -64.841400799307,45.1424036138675,0 -64.8453702871427,45.1405823961757,0 -64.8483777715752,45.139620070574,0 -64.84891232948461,45.139788749296,0 -64.8497264458222,45.1398313732486,0 -64.85187585236019,45.13978933752109,0 -64.8541986811281,45.13925113164031,0 -64.85523875400079,45.1387706459263,0 -64.85722704832691,45.1374501699297,0 -64.85806300870711,45.1370702060645,0 -64.8584564049528,45.1368081444249,0 -64.85904000807599,45.1367248286767,0 -64.8605580546873,45.1362172911434,0 -64.86125859281439,45.1362719814913,0 -64.8650891685996,45.13622919135611,0 -64.8657749925263,45.13608295919351,0 -64.866764429143,45.13569231228521,0 -64.8678401396419,45.1350229915345,0 -64.8701478125476,45.1339536131377,0 -64.87201274910289,45.1333091299136,0 -64.87408030005891,45.1327171054396,0 -64.87495680609059,45.1325703896261,0 -64.87532443721371,45.1323798169476,0 -64.8758572197909,45.13226124379241,0 -64.8770367682046,45.1318160773484,0 -64.8784050781113,45.1311553532998,0 -64.8803304236485,45.1300326549566,0 -64.880647608443,45.1299329128998,0 -64.8814096384541,45.12990325490641,0 -64.8819685711436,45.12973021216871,0 -64.8822467919001,45.1295671959021,0 -64.8828050397271,45.1294121637539,0 -64.88445298891649,45.1285973272558,0 -64.88513837546721,45.1284419855044,0 -64.8855930502246,45.128115826272,0 -64.8860387658078,45.1280967620466,0 -64.886175283456,45.1277632443933,0 -64.8866943989546,45.1273477815347,0 -64.88711075670921,45.12682420309689,0 -64.888035111454,45.1262814216301,0 -64.8884897820992,45.1259561420705,0 -64.8885676257902,45.1258084598519,0 -64.889451350364,45.1255191606608,0 -64.8903159823043,45.12534621163099,0 -64.89130291174369,45.1246592406705,0 -64.8919769822742,45.1247020827244,0 -64.89252252786569,45.1245112068085,0 -64.8936019861281,45.1243546825426,0 -64.896631629117,45.1232277915752,0 -64.89892373090269,45.1218340367329,0 -64.8992529479037,45.12171603951661,0 -64.89960862031231,45.1217056215778,0 -64.89968400960871,45.12152523342691,0 -64.9027323904606,45.1195166021568,0 -64.90320000217289,45.119011014219,0 -64.90364211995001,45.118694885151,0 -64.90397271780211,45.11865786656791,0 -64.9050619690402,45.1181499952319,0 -64.9053653279836,45.117905496782,0 -64.9064670496094,45.11735330454891,0 -64.9069736415254,45.1170270842159,0 -64.90707347418309,45.116856184691,0 -64.9081014292864,45.11660946635671,0 -64.9085329505709,45.1164726292815,0 -64.90908970847551,45.11616446452111,0 -64.9097494616254,45.1160093946274,0 -64.91124376802991,45.1151850475575,0 -64.91260034622,45.1147302487364,0 -64.9138668197921,45.11420403039961,0 -64.9150448243609,45.1135424649807,0 -64.9155618615163,45.1130368882399,0 -64.9161556237909,45.1126209477429,0 -64.9172577761307,45.1120497403785,0 -64.9190824690987,45.11134125624081,0 -64.9207688241035,45.1108304073541,0 -64.9215818491509,45.110737511815,0 -64.92206170753791,45.1103765676548,0 -64.92223758808549,45.11008735228319,0 -64.9226371079797,45.11017661952469,0 -64.9229338727242,45.1100628901215,0 -64.9234817475304,45.1094527342594,0 -64.9244272535868,45.1088190320872,0 -64.92554187555,45.10832044829539,0 -64.92593287755,45.1080402013595,0 -64.92665694460401,45.10783610476621,0 -64.927498480911,45.107136582598,0 -64.9281310777276,45.1067386025948,0 -64.9284394107215,45.106635933629,0 -64.9287547653028,45.10633715088449,0 -64.92876585790481,45.10617583280289,0 -64.92967838974759,45.1057940438572,0 -64.9303886842731,45.10571093234039,0 -64.93065519733619,45.1055470866448,0 -64.9320239352686,45.1051998717929,0 -64.9344833392945,45.1043273686834,0 -64.93546076567181,45.1042513915394,0 -64.9355632417945,45.1043495733048,0 -64.935488486471,45.104619991976,0 -64.9355907440502,45.10467406900669,0 -64.9359206825487,45.1045829585063,0 -64.9364006706313,45.1042300527248,0 -64.9368317765483,45.1040481066423,0 -64.9377951532912,45.1038193186372,0 -64.9417473810288,45.1038313925257,0 -64.9439484789971,45.1041558045248,0 -64.94846989381919,45.1038230705766,0 -64.9489028695471,45.10388409333739,0 -64.949157445889,45.1040813857969,0 -64.9501659963436,45.1030154623142,0 -64.9505843443996,45.1028336821188,0 -64.9507725423052,45.10250011240879,0 -64.9513531544832,45.10215621719781,0 -64.95189524646371,45.1015780416452,0 -64.95217430983421,45.1014868536839,0 -64.9527428578689,45.1010882561139,0 -64.95350233867271,45.1006980910528,0 -64.9547054755792,45.1001986152561,0 -64.9554284975727,45.1000070904683,0 -64.9562886725806,45.09958907672999,0 -64.9568956161507,45.09919970198929,0 -64.9571605825946,45.0989197069502,0 -64.95759038035951,45.098702597741,0 -64.9580727086795,45.09864661717751,0 -64.9589086697177,45.09826500583669,0 -64.9620664688333,45.09594864357431,0 -64.962545653375,45.09554163936309,0 -64.9627082478916,45.0952795941749,0 -64.96387178251091,45.0944836263958,0 -64.965922838086,45.09370118180941,0 -64.967056757889,45.0925627336241,0 -64.9677022034663,45.092262654449,0 -64.9680196023493,45.0922166753861,0 -64.9691575450486,45.0914562092884,0 -64.9700426101369,45.09102955972709,0 -64.9710135898093,45.09007120833699,0 -64.9717331973692,45.0895646041556,0 -64.97192067114069,45.0891409755974,0 -64.9729541949943,45.088119424168,0 -64.97305264646999,45.08780446192711,0 -64.9732411904649,45.0875968635301,0 -64.9737857882966,45.087396612019,0 -64.9740656449151,45.0873683685704,0 -64.9741286148584,45.0872781623983,0 -64.97388718554591,45.0872787453497,0 -64.9739244285531,45.0872159803497,0 -64.97451776987251,45.08684474952369,0 -64.9751010449165,45.08669783325549,0 -64.9752526593313,45.08656198423349,0 -64.9753396412399,45.0862472274297,0 -64.9766539627981,45.08548542568951,0 -64.9776500441088,45.0846715200001,0 -64.9779041767724,45.0846347110291,0 -64.9781822378694,45.0844444571442,0 -64.9790680322382,45.08408073711419,0 -64.979828833398,45.0839244178175,0 -64.9800055472531,45.0837800256062,0 -64.9810316638674,45.0834696763781,0 -64.9819546640675,45.082970253485,0 -64.98336255842401,45.0826406435708,0 -64.9839569874724,45.0823413590508,0 -64.9855650904456,45.0817399816739,0 -64.9867158794713,45.0811060511654,0 -64.9882872638664,45.0807303269807,0 -64.98888161995249,45.08046612489871,0 -64.9893112201042,45.080140878393,0 -64.9901493874,45.0800560655011,0 -64.99089472584799,45.0796028758111,0 -64.9929082956061,45.07890161449259,0 -64.99387982722089,45.0781591103305,0 -64.9942206911627,45.0779866243638,0 -64.99484257318861,45.0778578367359,0 -64.99546077647661,45.0774770702675,0 -64.9983622278652,45.0765918485605,0 -64.99885306504299,45.076130477106,0 -64.99923235437851,45.0758951823825,0 -64.9998266694506,45.0755598103188,0 -65.00087667451849,45.07517683053649,0 -65.0013185470099,45.07484232081261,0 -65.0021538632562,45.0744604190842,0 -65.002661327342,45.0744037896695,0 -65.002837966418,45.0742233650772,0 -65.0039775036761,45.0738225909292,0 -65.0054823038507,45.0730778228822,0 -65.0062552703013,45.07287610309029,0 -65.00711375259959,45.0723956204803,0 -65.00783622537971,45.0722397865222,0 -65.0080397611591,45.0722839153898,0 -65.0088396661708,45.0721627198549,0 -65.0089254932557,45.0718929571621,0 -65.0092157854827,45.07162139586751,0 -65.009925822136,45.0715098760997,0 -65.01086017360289,45.0708759084233,0 -65.011985956977,45.07037626767359,0 -65.01272909688829,45.069724941676,0 -65.01391864621679,45.06923316798349,0 -65.0150958028165,45.06836905375999,0 -65.0153981058118,45.0682461175008,0 -65.0163017431244,45.06820140704669,0 -65.0164142461921,45.0680191414095,0 -65.01666878652379,45.06787574734269,0 -65.0169335232731,45.0678651915534,0 -65.0176098755035,45.0673771260996,0 -65.01797162799301,45.0673465704081,0 -65.01816717252019,45.0672007142664,0 -65.01842883338669,45.0671544723816,0 -65.018773684923,45.06687227165591,0 -65.01908737703241,45.0667853562079,0 -64.77065723646361,44.6639075327649,0 -64.5296078267433,44.8407598132979,0 -64.52385343414269,44.836489235959,0 -64.19453643400691,45.0610352822688,0 -64.1769798640744,45.0732178731076,0 -64.1780923621897,45.0741033298522,0 -64.17897613697041,45.0751321154948,0 -64.1799013488814,45.0753953115439,0 -64.1823763456874,45.0757711848397,0 -64.18276832257931,45.0759885689742,0 -64.1830470608401,45.0762593358634,0 -64.1842009849599,45.07645981444979,0 -64.1845168043067,45.0768031077722,0 -64.1850040999793,45.07597620276271,0 -64.1847277367892,45.0753903344049,0 -64.1851594225547,45.0755001766262,0 -64.185310554651,45.0757434569128,0 -64.1852954734493,45.0761207895895,0 -64.1851036534224,45.07649005515471,0 -64.1848857237953,45.0766417474621,0 -64.18488578708011,45.0767677722114,0 -64.1851143466086,45.0768230112939,0 -64.1858015906041,45.0765728256941,0 -64.1862951886406,45.0767270295577,0 -64.1868139563786,45.0771150257964,0 -64.1868384096701,45.0773137116647,0 -64.1862892635034,45.07791443039071,0 -64.1873895145698,45.0787725667669,0 -64.18917541266789,45.0796685612377,0 -64.19102668726271,45.08022267702199,0 -64.1921948172359,45.0803068031914,0 -64.1925903917391,45.08008303621779,0 -64.19306389231311,45.0793912414799,0 -64.1933684169191,45.0793106429175,0 -64.19339373583411,45.0794283019731,0 -64.1930749664451,45.0796791837085,0 -64.19284431823721,45.0800740819474,0 -64.1931477990272,45.0803094494382,0 -64.1929306663274,45.0805601685904,0 -64.1931568711569,45.0808674668266,0 -64.1931545976234,45.0813076790515,0 -64.193368980362,45.0815961965951,0 -64.1943185935618,45.0822289858509,0 -64.19505211087559,45.0829783704691,0 -64.1965829742291,45.0840623545401,0 -64.1995320207679,45.0853915765283,0 -64.2003218488351,45.0855480079212,0 -64.2008174391194,45.0855490979336,0 -64.2009064361318,45.0856120836153,0 -64.20085494557181,45.0857017339397,0 -64.2003729515064,45.0856824975613,0 -64.19972426448101,45.08583423593659,0 -64.19954541264011,45.08603146329089,0 -64.1997086333958,45.0863016022345,0 -64.2008599950299,45.0872769943916,0 -64.201478480283,45.0879267181273,0 -64.2019224623608,45.0880714748619,0 -64.2021752371719,45.0883694733585,0 -64.2025307364508,45.0884152484895,0 -64.2027712037137,45.0885504339026,0 -64.20418870326669,45.0896076143596,0 -64.2047444099927,45.0902300677006,0 -64.20473006340811,45.0904543635493,0 -64.20453888793431,45.0906697319289,0 -64.20480420382231,45.0909585813739,0 -64.2052348641998,45.09119348356659,0 -64.2059180138168,45.0917713860934,0 -64.20639947009469,45.0919436440337,0 -64.20747655107689,45.09263978931861,0 -64.20769027273489,45.0930723149227,0 -64.20955872179169,45.09401948020329,0 -64.21116912423641,45.09506331297801,0 -64.211669695686,45.0955682855719,0 -64.2122090106662,45.0962965747455,0 -64.2126020467043,45.0966119641892,0 -64.2125749145745,45.09689130739999,0 -64.21327015056031,45.097613065384,0 -64.21459811323071,45.0988033833905,0 -64.21562406895551,45.0995351107378,0 -64.21590149209619,45.0998508283531,0 -64.2163811046496,45.1005901575849,0 -64.2164794475969,45.1012111325918,0 -64.21704665714191,45.1020044544688,0 -64.2177509594639,45.1034462213518,0 -64.2182203606789,45.1037625771665,0 -64.21864928998021,45.1042675000563,0 -64.21862268610781,45.1046899760932,0 -64.2191038009431,45.10507820835321,0 -64.21921577890519,45.1055018962005,0 -64.2203283213146,45.106530614964,0 -64.2217227063518,45.1073618690461,0 -64.2234868900273,45.10788758468311,0 -64.2238405390637,45.10825736775341,0 -64.22413218707401,45.1084018701562,0 -64.2240552535326,45.1086088354129,0 -64.2244347107942,45.10881720831559,0 -64.22581842445329,45.109144427728,0 -64.22647966704891,45.10915442983089,0 -64.2267204110844,45.1092364600577,0 -64.2274953045228,45.1092110284217,0 -64.2278000807113,45.1093742839987,0 -64.2281556617135,45.10935695698231,0 -64.2284086673574,45.10953697098219,0 -64.2290574177764,45.1095569944987,0 -64.2294882344775,45.109728790641,0 -64.2299584196757,45.10972102595541,0 -64.2304281894224,45.10981228321509,0 -64.23072069113501,45.1097587207494,0 -64.231013247832,45.10988519222191,0 -64.2322961776257,45.1098974577651,0 -64.2334139998504,45.1100348168988,0 -64.2344061125528,45.11000159151889,0 -64.2386348554942,45.11044280252599,0 -64.23934748167351,45.1104179576692,0 -64.2413916202816,45.1107108142616,0 -64.2416459678055,45.1106567387363,0 -64.2414567717468,45.1103149286055,0 -64.2414336045302,45.1098912064934,0 -64.24180317568739,45.10975755349891,0 -64.2428546964607,45.11047075483349,0 -64.243401256889,45.1105260164282,0 -64.2438459098563,45.1104545605478,0 -64.2438077805012,45.1105719987863,0 -64.2432846752283,45.1108945577065,0 -64.24333465017421,45.111029940133,0 -64.2440359227971,45.1107162421232,0 -64.2444055910061,45.1104115552112,0 -64.24482482389141,45.11045739544001,0 -64.2451158521455,45.11074587937269,0 -64.2453170196369,45.11116946883589,0 -64.2448600242887,45.1111411454691,0 -64.2444658141802,45.110960006268,0 -64.24417400458169,45.1109865908132,0 -64.2433958428049,45.11150636707789,0 -64.2428123159153,45.1115055183935,0 -64.24264607236231,45.1115775504299,0 -64.2424062805629,45.111306497274,0 -64.2422775756427,45.11146812892209,0 -64.2423525691928,45.111819281801,0 -64.2430375130543,45.1122169065721,0 -64.2456372304473,45.1133840092709,0 -64.2463468565267,45.11386236056489,0 -64.2467518583619,45.1143044262063,0 -64.2470182617032,45.1143942351667,0 -64.2474983715621,45.11489939027021,0 -64.24795280619431,45.1156838782444,0 -64.24716336692219,45.1160957820545,0 -64.2468554020016,45.11660774432341,0 -64.246613944705,45.116787715214,0 -64.24663693885449,45.1172015446974,0 -64.2468394071397,45.1175080940276,0 -64.2473076970668,45.117877452296,0 -64.2473061474758,45.1181565234397,0 -64.2478146594235,45.1183292020855,0 -64.24870138948199,45.1188794170092,0 -64.2493221215346,45.1194748438816,0 -64.2497640726734,45.120150539435,0 -64.2500296484927,45.1203762767074,0 -64.25029648463649,45.1204849770544,0 -64.25065143111991,45.1204945927964,0 -64.2514635848333,45.120829561709,0 -64.2529777344333,45.1211584446175,0 -64.2535645679106,45.1212315434624,0 -64.253872848105,45.1211467200758,0 -64.25417661156889,45.1211726669057,0 -64.25477501912439,45.1213630511423,0 -64.25508470238979,45.1216276567185,0 -64.2559001617592,45.12129583459721,0 -64.2566519877363,45.12034590005621,0 -64.2566137221412,45.1202824087676,0 -64.2563349289121,45.1200928390417,0 -64.25599175708101,45.12027215709819,0 -64.2556616618016,45.1202361706378,0 -64.2551266813681,45.1204238872839,0 -64.2545918733323,45.1205035785964,0 -64.25400716338559,45.12051090128681,0 -64.2538676716854,45.1204116135,0 -64.2554192760562,45.120199227987,0 -64.2560312830789,45.1198135335429,0 -64.2572379987037,45.120050493677,0 -64.25791100493041,45.1200691870597,0 -64.25834381091281,45.1200347128052,0 -64.2590443455787,45.1198019474793,0 -64.2592986514228,45.1198027440032,0 -64.2595520936391,45.119937675481,0 -64.25964010272629,45.12018155214169,0 -64.2597468965692,45.1219726210429,0 -64.2600107315033,45.12252151687459,0 -64.2602515283281,45.1227745090566,0 -64.2624334593431,45.1238135132254,0 -64.2631713030917,45.12388726950789,0 -64.2640856489033,45.1238348433165,0 -64.2652042282439,45.1239907878144,0 -64.26559820801801,45.12398192110211,0 -64.26595470040699,45.1238303409984,0 -64.2672315647485,45.1223479950915,0 -64.26753850181549,45.1221411493991,0 -64.26926786869051,45.12180327997979,0 -64.26977717026671,45.12160588116169,0 -64.2714972184843,45.12044893191019,0 -64.27293587408769,45.119848682695,0 -64.274402237364,45.118780924436,0 -64.2742762437764,45.1183754604285,0 -64.2734673812537,45.1173924815231,0 -64.27322662941209,45.1172574392061,0 -64.2729728065807,45.1172206611437,0 -64.2711657203033,45.1176584804501,0 -64.27065732879009,45.1176659296271,0 -64.26921016732619,45.1170780142339,0 -64.2689692774984,45.11705097645489,0 -64.26837134776601,45.1171485366684,0 -64.2675562975642,45.1174888505458,0 -64.26740435479461,45.11734470862031,0 -64.2668203548764,45.1173250833847,0 -64.26641392142351,45.1171711606629,0 -64.2660864339168,45.1165050710086,0 -64.2659465333864,45.1163877899552,0 -64.2653373983926,45.1163234274385,0 -64.2652464669497,45.1166385960353,0 -64.2648539455603,45.1165385241951,0 -64.26456199451781,45.1162140939488,0 -64.2649065848734,45.1160437450787,0 -64.26482978423699,45.1159626798482,0 -64.2647827982608,45.1150441215306,0 -64.2648892257273,45.1139915380569,0 -64.26482602412111,45.1138923186535,0 -64.2643684112564,45.1138379748021,0 -64.26431850401239,45.1137656131751,0 -64.2650063056947,45.1134789415389,0 -64.2651230217942,45.1127773120437,0 -64.2652382018438,45.1126968204819,0 -64.2652641323142,45.112489492809,0 -64.2654422832389,45.11238219820821,0 -64.2653032677958,45.11224691196059,0 -64.2654686884147,45.11213885819559,0 -64.26549558882191,45.1118604058305,0 -64.26568672343291,45.11170795817019,0 -64.2662457476296,45.11180799042819,0 -64.26630887216631,45.1116731552754,0 -64.2660697211514,45.11132113781661,0 -64.26654204622579,45.1107199837861,0 -64.26777965802189,45.1096602466526,0 -64.26770416135849,45.1094081353163,0 -64.2685686301906,45.10941023792591,0 -64.2692040078115,45.1092852550088,0 -64.2708682855106,45.1092973519664,0 -64.2714298147269,45.1089382325048,0 -64.27230638514,45.10891316678481,0 -64.27298036596839,45.1087526258617,0 -64.2731848495573,45.10857301156321,0 -64.2736170800389,45.1085735928843,0 -64.2755243515948,45.10825344713599,0 -64.27562579701021,45.10812808967611,0 -64.2754240754919,45.10797461229939,0 -64.27596977192231,45.10787669835661,0 -64.2762779001437,45.1071576148915,0 -64.2760379707026,45.1068866424682,0 -64.27541467935821,45.1068675002924,0 -64.2743334597716,45.1072342403009,0 -64.27241062330771,45.1082836824323,0 -64.2714308680833,45.1086420718355,0 -64.2705659921773,45.1087930253807,0 -64.2691684001454,45.1088256607884,0 -64.2686209379236,45.1089595688426,0 -64.2683661031574,45.1089327027007,0 -64.2685706017979,45.10875308751759,0 -64.2684831162817,45.1085911274458,0 -64.2666684408063,45.1078128137716,0 -64.26660590436251,45.107686582582,0 -64.26599714730661,45.1072900541987,0 -64.265400931174,45.1070005045541,0 -64.26527511332969,45.106829064841,0 -64.2649490398551,45.1055328224932,0 -64.2654103062544,45.10477786487741,0 -64.2652441896666,45.1047959087217,0 -64.2652834639884,45.10473247019669,0 -64.26558839038449,45.1045535566979,0 -64.2655636639945,45.10435489167901,0 -64.26508230808911,45.1040847622604,0 -64.26484014690691,45.1042278723392,0 -64.2648157204757,45.1039850951603,0 -64.2634949059326,45.1037476674385,0 -64.26345829325,45.1035860406988,0 -64.26258272332861,45.10313393404071,0 -64.2624088482887,45.1023959108583,0 -64.2627030979309,45.1018480504132,0 -64.2625129059785,45.1018114456926,0 -64.26286905168951,45.1016499766326,0 -64.2630352027014,45.1014609021951,0 -64.2643708898061,45.10105004311259,0 -64.264358340922,45.1009421607847,0 -64.2641169849324,45.1008332108489,0 -64.2634942771945,45.1008950222886,0 -64.2629999921851,45.1007861586982,0 -64.262514471242,45.10119030612231,0 -64.2623239212286,45.1012527245366,0 -64.26182828319629,45.1011978904733,0 -64.26158828327659,45.1010349095726,0 -64.2622991465911,45.1011089700386,0 -64.2625280967782,45.1010011182553,0 -64.2627583802285,45.10072311775901,0 -64.26296143668969,45.1006515585242,0 -64.2635464372362,45.10072430264449,0 -64.2643213901051,45.1007076326314,0 -64.2646004896073,45.10079905179621,0 -64.26471293111339,45.101113768763,0 -64.2636573933447,45.1014900258815,0 -64.26309620785059,45.1020372409892,0 -64.26296734123071,45.1023609297049,0 -64.2629796466633,45.1026308467201,0 -64.2635614272742,45.1031906220772,0 -64.2643353817641,45.103299987769,0 -64.2652110585892,45.1036980601642,0 -64.266366033105,45.1040237242262,0 -64.266708338596,45.1042134656838,0 -64.266772847192,45.10414163615421,0 -64.26649413297559,45.1037810561914,0 -64.26640696969871,45.10340304841641,0 -64.2664211348751,45.1031238364881,0 -64.26654753179641,45.103034217323,0 -64.26649760663609,45.1028457338867,0 -64.2666129441028,45.1027733406654,0 -64.2665622481787,45.1026649815498,0 -64.2666900042144,45.1025213365349,0 -64.26671856927599,45.1018017782176,0 -64.266831166725,45.1021804129133,0 -64.26667348036661,45.1035567232773,0 -64.266862557726,45.1037724686677,0 -64.2674588696097,45.1041250223759,0 -64.2686270549614,45.10412735386861,0 -64.2693652963106,45.1038860044888,0 -64.2695434128576,45.103778703792,0 -64.26958215733799,45.10363424476019,0 -64.27000259782631,45.1033919230481,0 -64.2697371706203,45.10323014222261,0 -64.26943395389949,45.1027969274123,0 -64.2690277123769,45.1025899009526,0 -64.26928239467379,45.10255377292809,0 -64.2691446337802,45.10184325496681,0 -64.26923731435571,45.10114998865,0 -64.2696197146139,45.10068305570189,0 -64.2696587303566,45.1004935756826,0 -64.27053762895611,45.1000634176863,0 -64.2703083200231,45.09998225222381,0 -64.2702965581053,45.099910368858,0 -64.2706779564748,45.0998575160332,0 -64.2709445875913,45.0999022582903,0 -64.2712923394534,45.0997553582488,0 -64.2715395655666,45.0995499937542,0 -64.2715299579008,45.0994967832115,0 -64.27068112390469,45.0993000728118,0 -64.2715558650842,45.099253608809,0 -64.2717359369681,45.0990835044144,0 -64.2718752977928,45.09842559674621,0 -64.2717169263142,45.0974208716482,0 -64.27175915526099,45.0964032002021,0 -64.2721950609881,45.09548646434009,0 -64.27274369759679,45.0948394239824,0 -64.2729603875654,45.0946965808723,0 -64.2730110231962,45.094515980737,0 -64.2732285111792,45.09440913534941,0 -64.2734455898886,45.0941123564554,0 -64.27389169537049,45.0937707140861,0 -64.2749611752005,45.0931160510883,0 -64.2748337508784,45.09304366803499,0 -64.2744535615585,45.09303440002681,0 -64.273700273009,45.0937350418207,0 -64.27354767691099,45.0937880539091,0 -64.27423698063259,45.092953100323,0 -64.27467028986329,45.0928366422913,0 -64.2752292814868,45.09282860096819,0 -64.27543148687791,45.0928920557782,0 -64.2765524398847,45.0923817316186,0 -64.276730354078,45.09221050901321,0 -64.2773664123366,45.09206836909969,0 -64.27870168425061,45.0915394229685,0 -64.27869011073339,45.0913055060382,0 -64.2783858467307,45.0912242957999,0 -64.27853934608849,45.0910983526006,0 -64.2787475375071,45.09110613047611,0 -64.2789199952858,45.0912329787717,0 -64.27944168185959,45.0911951876019,0 -64.2804340300552,45.09035518007261,0 -64.28113476645279,45.08992423651449,0 -64.2822160814402,45.089521422415,0 -64.2830039402001,45.0895773862127,0 -64.28368867057711,45.0897947358264,0 -64.2837770367335,45.0899386713008,0 -64.2841955619173,45.0901284041589,0 -64.28420748011909,45.09026329700969,0 -64.2848018040862,45.0910388674702,0 -64.2852733301081,45.09081481782239,0 -64.2866830383502,45.0908889605406,0 -64.2868102705964,45.0909523397766,0 -64.2870775274271,45.0907998981106,0 -64.28685952147229,45.0910517046585,0 -64.28537388420609,45.0910486327727,0 -64.2850931324715,45.0913362491634,0 -64.28615612428921,45.0923819920601,0 -64.2867397666009,45.09267968654791,0 -64.2873241840348,45.0926721906706,0 -64.2875282485888,45.0925915744866,0 -64.2877317448027,45.0922589142473,0 -64.28808953450729,45.0920073387962,0 -64.28922060983101,45.0916137901462,0 -64.2907494417648,45.0906000214892,0 -64.2914097671775,45.0904656305566,0 -64.2917792526419,45.0901697933867,0 -64.29187102257571,45.08967455677121,0 -64.29160718982079,45.0895653878504,0 -64.29145657166249,45.08940494202639,0 -64.2915263822498,45.0890861010912,0 -64.2910672482692,45.0891455107675,0 -64.290730482453,45.0889276395316,0 -64.290568516448,45.0889058314051,0 -64.2901892217855,45.0891180948668,0 -64.2901920178745,45.089378341155,0 -64.2900828766695,45.0894513815208,0 -64.2896857585929,45.0891310464595,0 -64.2893326509396,45.0893060859489,0 -64.28906468743369,45.0892689091302,0 -64.28900824639631,45.08916353211561,0 -64.2891329387775,45.0887959855411,0 -64.28923716907759,45.0888175923797,0 -64.2891489664606,45.0891017756007,0 -64.2892211410703,45.0892196404441,0 -64.2896803779648,45.0890144799784,0 -64.2899836548344,45.0891967434437,0 -64.2901333663019,45.08894454119751,0 -64.29056283672359,45.08877380325611,0 -64.2907885867677,45.0887930270536,0 -64.2911949506271,45.0890103002316,0 -64.291666911796,45.08889535690471,0 -64.2917605465565,45.0890534674817,0 -64.2917009409969,45.0893970920923,0 -64.2918849115722,45.0894558000786,0 -64.2921525823199,45.0889737320776,0 -64.29244527693101,45.0887669791591,0 -64.29324711335801,45.08859766917809,0 -64.2948473480443,45.08850121959569,0 -64.296805434519,45.08804602250009,0 -64.2976195318212,45.08763349399419,0 -64.29809152882591,45.0872653480775,0 -64.2982471582966,45.0863381939108,0 -64.2980829270179,45.0862122353634,0 -64.29833606299739,45.0861679492906,0 -64.2986703482654,45.0851064364875,0 -64.299002383271,45.0846750743008,0 -64.299702797595,45.08412700539369,0 -64.3000337283604,45.0839837014234,0 -64.3005795157207,45.0839576827879,0 -64.3006436194338,45.0840388691047,0 -64.30102372671639,45.0841029529227,0 -64.3013664330846,45.0843105903687,0 -64.30184645868211,45.0849136409015,0 -64.3023548006806,45.0848610352526,0 -64.3028266583749,45.08460090194241,0 -64.3029405442182,45.0844123650977,0 -64.3030678446854,45.0843668037339,0 -64.3030062226821,45.0841154653822,0 -64.3031322091217,45.08412392075691,0 -64.3032339520899,45.0842955943107,0 -64.3039709700404,45.08401803597349,0 -64.3049146126975,45.0829936442141,0 -64.3046742010561,45.0827587431701,0 -64.30500363601089,45.0828855142874,0 -64.3053224578407,45.082769338697,0 -64.3066467092931,45.0818891193322,0 -64.3071692557743,45.0811791967877,0 -64.3075282867907,45.0802082909403,0 -64.30813973027711,45.0794982460299,0 -64.3081540732769,45.07929103980529,0 -64.30830519329859,45.0793991308009,0 -64.3086866608793,45.0793011408355,0 -64.3095767282381,45.0792756340286,0 -64.30963967925859,45.0791947958728,0 -64.3097666678007,45.0793031616834,0 -64.3100330465322,45.0793397231546,0 -64.3105292611132,45.0792593054356,0 -64.310811175827,45.0785305227981,0 -64.31106974374541,45.0769477341512,0 -64.31150337614299,45.07635403532769,0 -64.312253776649,45.0761122673486,0 -64.3125841155521,45.0761129807473,0 -64.3129649523779,45.07626612566409,0 -64.3131803790653,45.0765193004735,0 -64.3138402484087,45.0764297937954,0 -64.3131800853905,45.0766174237661,0 -64.3130886445126,45.0772296992744,0 -64.3131761182066,45.0775536593254,0 -64.3134417060643,45.0778332622296,0 -64.3139889038498,45.0778161650001,0 -64.31452359264669,45.07747514342099,0 -64.3156836735716,45.0770853002003,0 -64.3159948343708,45.0772144647053,0 -64.3163892214598,45.07777501768379,0 -64.3167125911736,45.0779431974191,0 -64.3176224477472,45.0780191473136,0 -64.3183172078589,45.0777154638466,0 -64.3183687016264,45.0779862113916,0 -64.31826297837149,45.0780639564233,0 -64.3168949186812,45.0784956343791,0 -64.3165781761507,45.0784236712859,0 -64.31636286972849,45.07795535795839,0 -64.3160586360858,45.0778193362636,0 -64.3159327336484,45.07764795212849,0 -64.31555078807681,45.0774195476464,0 -64.3151141434484,45.0774727638282,0 -64.3140768812076,45.077996089337,0 -64.31345359018729,45.0781301857661,0 -64.31316256389159,45.0779048863807,0 -64.31282170562299,45.0774452114921,0 -64.31278568615819,45.0764824391439,0 -64.3124571512195,45.0762836653929,0 -64.312114088337,45.0763371177938,0 -64.311591821115,45.0767770055768,0 -64.31136061630799,45.0773890844927,0 -64.3109609146758,45.0791337264405,0 -64.3108335047465,45.0793404305996,0 -64.3103494361395,45.0796187413642,0 -64.3103872982242,45.0799972836154,0 -64.3101846420191,45.0796908464125,0 -64.3097911989461,45.0796539514008,0 -64.3094478002937,45.07952736315551,0 -64.3089272588654,45.0795441330689,0 -64.3083047219113,45.079768210918,0 -64.3081133585205,45.0799567408691,0 -64.30776787021379,45.08068534453919,0 -64.30822384012041,45.0809564777437,0 -64.30804607288199,45.08107283722449,0 -64.3078439515502,45.0809014171037,0 -64.3077289545288,45.0809288393488,0 -64.3068866755774,45.0821600286278,0 -64.30577959892859,45.0828685334771,0 -64.306005881898,45.0833196373776,0 -64.3056266322442,45.0829585002933,0 -64.3054987016325,45.0829761661538,0 -64.30478544994421,45.0835154248872,0 -64.3043135647454,45.0841086334062,0 -64.3038810560946,45.0844223434321,0 -64.3032584886931,45.0845923737901,0 -64.3025962572359,45.0850860268906,0 -64.3021763821057,45.08522944323929,0 -64.3015919043756,45.0851748942776,0 -64.3012132121253,45.0846697079272,0 -64.30085784577879,45.0844082034317,0 -64.3004131995494,45.0842998450068,0 -64.3001973872416,45.08430860363631,0 -64.2999054269207,45.0844334517936,0 -64.29902625734481,45.0852239216367,0 -64.2985749534427,45.0868970792316,0 -64.2986004240035,45.08706782376111,0 -64.2988150870144,45.0871761045398,0 -64.29848597454961,45.08717624662321,0 -64.2984211323421,45.08745513949059,0 -64.2982040313272,45.0876880538346,0 -64.2964861246402,45.0886482586744,0 -64.2960030177892,45.0886384395171,0 -64.2949355382635,45.0888611915763,0 -64.2930923048614,45.0890018025385,0 -64.2926351077376,45.0891267026524,0 -64.2925455531076,45.0893248556492,0 -64.29268364591751,45.0895321341363,0 -64.2927208557106,45.0898296722916,0 -64.2922617990728,45.09054871927909,0 -64.292310879947,45.0908092068282,0 -64.2921212390804,45.0906835273505,0 -64.2920314008862,45.09070074707419,0 -64.29069535514969,45.0913018724036,0 -64.289728617024,45.09193841946159,0 -64.2892435087424,45.0924056891398,0 -64.288212400455,45.0930069427709,0 -64.2874485455729,45.0932297997183,0 -64.2866737045054,45.0932466343906,0 -64.28625462737899,45.09314693478661,0 -64.285241298861,45.09255972522101,0 -64.2844940693618,45.0917669735008,0 -64.2838353686632,45.09135129674799,0 -64.2831023957055,45.09034233251171,0 -64.2828363065953,45.0902066944259,0 -64.2823280419949,45.0901520910423,0 -64.28208717736371,45.09017820020451,0 -64.2816152412684,45.0903842377283,0 -64.2801377663682,45.09154223705411,0 -64.2795006131002,45.0919193513944,0 -64.27894136981961,45.09214345938669,0 -64.27873570013379,45.092665165798,0 -64.2786092759806,45.09263777568711,0 -64.27844437734269,45.0923668677271,0 -64.277846875639,45.0925283861282,0 -64.27531372686749,45.093710733149,0 -64.2744356240192,45.0942849482173,0 -64.2731089891505,45.0957220277166,0 -64.272763647725,45.0962524814687,0 -64.27264632855081,45.0968641097294,0 -64.2727857942873,45.096963375317,0 -64.2726068543018,45.09708959414679,0 -64.2728003068472,45.0978769572055,0 -64.27307913659401,45.0983257383793,0 -64.2733892147873,45.0984950522719,0 -64.2731647934591,45.0985182046338,0 -64.2727381581231,45.0982729089805,0 -64.2728245396943,45.0986548008278,0 -64.2726468296468,45.09959357836959,0 -64.2725225743762,45.0996443647999,0 -64.2719203049601,45.1003990949778,0 -64.2715898269478,45.1005702083598,0 -64.27073825197191,45.1006850083192,0 -64.27038099048779,45.1009095266833,0 -64.270240279834,45.1010983288086,0 -64.2703234160203,45.1015385268803,0 -64.2708159038645,45.102180328765,0 -64.27084134132529,45.102373034653,0 -64.2710034771997,45.10249852424351,0 -64.2709043189779,45.10254422259769,0 -64.2709948913881,45.1027778457188,0 -64.2709201753339,45.1028395922527,0 -64.27114007047059,45.1031037411991,0 -64.2708915371106,45.10309223058,0 -64.27100170396881,45.1035129174164,0 -64.27083203239491,45.10366268678071,0 -64.2708181136516,45.1039640768582,0 -64.2706074561986,45.1044431995644,0 -64.2703529775616,45.10473304307429,0 -64.2696543646956,45.10501405208431,0 -64.26889200547301,45.10515477946629,0 -64.267948502265,45.1052165602786,0 -64.26703269350151,45.1054484024409,0 -64.2666000726858,45.1056981576624,0 -64.2663578761376,45.10601230484941,0 -64.26639598837031,45.1061838158981,0 -64.26676167098761,45.1066253472823,0 -64.2678012772443,45.1072484348162,0 -64.2682327855254,45.1074470833182,0 -64.2684107647612,45.1074478071437,0 -64.26839828182131,45.1072859140602,0 -64.2684872612232,45.10728582590379,0 -64.2688551347153,45.1075382892806,0 -64.2696688465788,45.107603059649,0 -64.2701778422031,45.107397560277,0 -64.27063705124981,45.1070107769688,0 -64.2705349846531,45.1068219753654,0 -64.27040853297579,45.1067945765227,0 -64.26932805220579,45.1069092115005,0 -64.26967219333859,45.1067217498016,0 -64.2697496534647,45.1063167093362,0 -64.26987697581271,45.1063261047003,0 -64.2700151672615,45.1065964122123,0 -64.27034668223671,45.1064703008834,0 -64.27070243492579,45.10646274218541,0 -64.2707167256891,45.1060755072772,0 -64.2708310857907,45.10595901209649,0 -64.2707430724936,45.1057160436616,0 -64.27101005739389,45.1058327959286,0 -64.2709194452144,45.1061029571863,0 -64.2710466945209,45.1061663626495,0 -64.2714666922575,45.10578900510021,0 -64.27154513735771,45.1054289612059,0 -64.27179836357109,45.1055557757768,0 -64.271989915918,45.1055383303203,0 -64.27307099011649,45.1051086016428,0 -64.2740631733265,45.1049121000513,0 -64.275181881371,45.10486090586641,0 -64.27580577366599,45.10456498070971,0 -64.2764654114555,45.10461972154229,0 -64.2771124413228,45.1049635563156,0 -64.2777479510037,45.1048475259812,0 -64.2788914061948,45.10499405743721,0 -64.27955292448149,45.1047336974852,0 -64.28021420028379,45.1046902790281,0 -64.2795915418171,45.1048691914806,0 -64.2793108303532,45.1048777376083,0 -64.27913305307101,45.1050570638822,0 -64.2787640903741,45.10515572364551,0 -64.2779758863979,45.1050367130423,0 -64.27731489230921,45.10520704029609,0 -64.2770350355939,45.1051975677299,0 -64.276312204745,45.1048176724897,0 -64.2759188088734,45.104789671205,0 -64.2757538982888,45.10486171841351,0 -64.27576606876021,45.1049516001265,0 -64.2769076466306,45.10541323427579,0 -64.27746535713329,45.1058552847915,0 -64.277918433065,45.1067918002618,0 -64.277928541975,45.1075298408324,0 -64.27762096811909,45.1083299293859,0 -64.27723911901739,45.1083648067994,0 -64.2772894391326,45.10862619527149,0 -64.2771997889369,45.10882433655551,0 -64.276676356807,45.1092370691064,0 -64.2764084478907,45.1096505441845,0 -64.2756932953545,45.1103597724296,0 -64.2759595944389,45.1105584367276,0 -64.27640373168229,45.1106939008593,0 -64.27599666815151,45.11073895784501,0 -64.2756805135184,45.1105849591947,0 -64.27546372743561,45.11061168540839,0 -64.2746481966572,45.11126711731579,0 -64.27430275736219,45.1117966751281,0 -64.27583716687479,45.112538390905,0 -64.2764468529226,45.1126287967572,0 -64.27689149521061,45.11290017982779,0 -64.27724753381599,45.11284668862271,0 -64.2773608916216,45.1130272561859,0 -64.2777040218492,45.1131359395454,0 -64.27796985309691,45.11336971115881,0 -64.2777520578955,45.1136935199043,0 -64.2779685873388,45.11371179201181,0 -64.2782109519928,45.11340662054,0 -64.2789217666005,45.1134706762909,0 -64.2793029998585,45.1136338388196,0 -64.2798481514874,45.1140220073355,0 -64.28071094194669,45.11423017703839,0 -64.2818396258732,45.1148440355848,0 -64.28455963355729,45.1183862670756,0 -64.2850923495873,45.11878265176339,0 -64.2850526491428,45.11905315094461,0 -64.2851903032557,45.119521493085,0 -64.28501062483789,45.1200699300487,0 -64.2851999098021,45.1204026559353,0 -64.28382599825331,45.1208231882074,0 -64.282998988213,45.1209116977812,0 -64.282771173873,45.1207315215669,0 -64.28251660193961,45.1207757888452,0 -64.28236383929629,45.120937735396,0 -64.2824652261011,45.12103651622559,0 -64.28276973593501,45.1210646022672,0 -64.2828579475687,45.12119953771521,0 -64.28279351969501,45.1213884068965,0 -64.28241148012739,45.12170234864829,0 -64.2820434710527,45.1216209640726,0 -64.2821086006505,45.1218494172692,0 -64.28191977441131,45.1221044860193,0 -64.2819403352435,45.1222334302223,0 -64.28132931982741,45.1228442143541,0 -64.28136080162599,45.1234838849034,0 -64.28185785963061,45.123609732081,0 -64.2819841522121,45.1236281182468,0 -64.28234098050351,45.12349359577799,0 -64.282583806246,45.12315149421891,0 -64.2827105012904,45.123187878544,0 -64.2825309930588,45.12357516917169,0 -64.2819452822748,45.1238797031354,0 -64.2814992518481,45.1243464983875,0 -64.28116857102169,45.1243997272166,0 -64.2809114876398,45.12512815116919,0 -64.2808718386835,45.1255156615955,0 -64.2812267559723,45.1255791933205,0 -64.2812653095127,45.1257677972579,0 -64.28092032154871,45.12592019596811,0 -64.2809083386871,45.126010347739,0 -64.28126392607579,45.1260468666202,0 -64.2812222976162,45.12702762269431,0 -64.2816006506764,45.12773991538349,0 -64.2815447874589,45.1291070053647,0 -64.2814680223041,45.1291429735396,0 -64.2813538457106,45.1289273129327,0 -64.28093423118059,45.1290427506129,0 -64.28094635277481,45.1291866423615,0 -64.2804496103077,45.129491961696,0 -64.2801479519037,45.1299913389335,0 -64.27982496700881,45.13021964219061,0 -64.2798099764224,45.13049274263619,0 -64.27954234475619,45.1310589887672,0 -64.27964239411649,45.1311371639731,0 -64.27962764726161,45.1313023308976,0 -64.2799303526775,45.1312189133145,0 -64.280420721049,45.1315658340498,0 -64.28043659988769,45.1316673755436,0 -64.2807578065631,45.1316491908964,0 -64.28072754679999,45.13183703624579,0 -64.28083318967779,45.1319093055499,0 -64.2810133055026,45.1318032253356,0 -64.2811639372453,45.1318343918869,0 -64.28137276968521,45.1316079959074,0 -64.2816188062738,45.131668787243,0 -64.2806967680024,45.1312742332964,0 -64.280481632616,45.1310939106074,0 -64.2803568367876,45.1303472660946,0 -64.2804979861349,45.13017645099781,0 -64.2806244107997,45.13025694911789,0 -64.2804978594217,45.13028447318091,0 -64.2808754756247,45.1310768915478,0 -64.2811673803653,45.1312212455433,0 -64.2815993028789,45.1312578071594,0 -64.2820686130142,45.1316009063644,0 -64.28171934277221,45.12974686986161,0 -64.2819717182953,45.13034085182719,0 -64.28228952454,45.1318003348781,0 -64.282549232509,45.13217036008499,0 -64.2834541055126,45.13241638341359,0 -64.28403115456381,45.1327369385365,0 -64.2842557342176,45.13295764706481,0 -64.2842580659118,45.1332882542533,0 -64.2845673513068,45.1331805357656,0 -64.2844801629393,45.1328655648479,0 -64.284771716599,45.1327668579232,0 -64.28450576949621,45.1327032367495,0 -64.28421547939401,45.1322348199686,0 -64.28520767980039,45.1318500774674,0 -64.286360167187,45.1331657566931,0 -64.28783255966449,45.1338882122027,0 -64.2883375602586,45.1346278490591,0 -64.2884628383312,45.1352214488143,0 -64.28833352698619,45.135635186041,0 -64.2883834410984,45.1361576312856,0 -64.28828147946309,45.1361479704972,0 -64.288117294244,45.1358599674756,0 -64.2876722827482,45.1359216968685,0 -64.2875064320499,45.1360117835678,0 -64.2873399278797,45.1362990148425,0 -64.2869449181927,45.1366050242499,0 -64.28675824960899,45.13693460989611,0 -64.2870510696839,45.1373948081236,0 -64.28734262962909,45.1372898925292,0 -64.28777761017049,45.13726797505129,0 -64.2885978968103,45.1374073403001,0 -64.2891256507406,45.1376476707528,0 -64.2895875921182,45.13740544030661,0 -64.29020402507869,45.1374044187572,0 -64.2911317111528,45.1375572251235,0 -64.2916084077751,45.1378508712911,0 -64.2919091167835,45.13788671727241,0 -64.2928743872783,45.1374338095829,0 -64.2929330359557,45.1372487906613,0 -64.29275329906559,45.1370561185452,0 -64.2927775999736,45.1367130584708,0 -64.2928526893793,45.1366928547409,0 -64.2929246532745,45.1367144542666,0 -64.2929438813089,45.13704765977791,0 -64.293197752445,45.1371384029622,0 -64.2947860260149,45.137268574342,0 -64.2952794924951,45.1373471443224,0 -64.2957827049844,45.1375252504455,0 -64.2959780470725,45.1375129518856,0 -64.296695254393,45.1370816403771,0 -64.2973046883037,45.1370918220783,0 -64.2981357539702,45.1369485228198,0 -64.29845935264611,45.1371692563996,0 -64.2991096958511,45.1373287516471,0 -64.30302436055,45.1378305551657,0 -64.3107403049176,45.13842818333269,0 -64.3112992161515,45.1385639936438,0 -64.31203606611361,45.138583435484,0 -64.31546893166821,45.1385889515924,0 -64.3177071865362,45.13835880835419,0 -64.3198694738461,45.1382546227922,0 -64.3204045866144,45.1380747042767,0 -64.32083683605219,45.1380670051011,0 -64.32238800048491,45.1378258116549,0 -64.3232665755268,45.13753928281229,0 -64.3242332670842,45.1373786492453,0 -64.3248059403947,45.137119059779,0 -64.325290146318,45.136993719108,0 -64.3253673738411,45.1368136893023,0 -64.325850803953,45.13649031818101,0 -64.3263341478274,45.1363829864815,0 -64.32713585757359,45.1363484676997,0 -64.32882753257729,45.13602723934941,0 -64.3296537943435,45.1360644396917,0 -64.3297560384668,45.135867003475,0 -64.3301643993756,45.1355435881018,0 -64.3303427511218,45.135228251951,0 -64.33050792404531,45.13511200629289,0 -64.3307120600531,45.1350853232335,0 -64.3313487482465,45.1345729169506,0 -64.3315403921589,45.13450136062391,0 -64.3327653333121,45.1329819880576,0 -64.3340401394501,45.1318589890963,0 -64.33465088880099,45.1314368721475,0 -64.3353251819925,45.1311769402318,0 -64.33625355608299,45.13117868223501,0 -64.33559378657731,45.13091634919891,0 -64.3356326678129,45.1304577061405,0 -64.3358872958851,45.13019727788209,0 -64.3368035917057,45.1300092201688,0 -64.3368935384334,45.1296679015348,0 -64.33656421732159,45.12939720379131,0 -64.3367295705806,45.1292899479007,0 -64.3370977223389,45.12926314221551,0 -64.3372378472108,45.1291102631501,0 -64.3368707990674,45.1289120219625,0 -64.33683331114661,45.1287225242138,0 -64.33704996421309,45.1284706394714,0 -64.3374823959565,45.1282018243229,0 -64.3378021159228,45.12762646867661,0 -64.33813483493709,45.12657386761361,0 -64.33802213816379,45.1262133182821,0 -64.3382006308661,45.1260158888795,0 -64.3381379357469,45.1257816781789,0 -64.3383039251402,45.125593405869,0 -64.3390789925855,45.12540517577299,0 -64.3391305184232,45.125270445593,0 -64.3390290150645,45.1251168059647,0 -64.3386604789508,45.1250716173879,0 -64.3385337547125,45.1249812851637,0 -64.3385850710745,45.12483755593151,0 -64.3387891834261,45.1247028374467,0 -64.3386879134689,45.124559096674,0 -64.33880236779829,45.1243966236463,0 -64.3386373075211,45.12424372878511,0 -64.3389689991406,45.12412731813659,0 -64.3390466797249,45.1233711610121,0 -64.3394165697628,45.122931138528,0 -64.33948217135929,45.1221481174269,0 -64.33931752893849,45.12206724154029,0 -64.3392677637937,45.12178786192399,0 -64.3396119723711,45.1214462589583,0 -64.3386340334382,45.1210580496918,0 -64.3384830105004,45.1206349375041,0 -64.33849665266401,45.1201306796974,0 -64.33917368707201,45.1191244479001,0 -64.3390106206483,45.11829549854679,0 -64.3388712218853,45.1181513046598,0 -64.3384766515146,45.118241446805,0 -64.33822210918581,45.1184478786387,0 -64.33785272548511,45.11852781253999,0 -64.3376494733308,45.11869852635359,0 -64.33714108946801,45.1188152019449,0 -64.33726826881269,45.118653481494,0 -64.3378796874042,45.11832135654971,0 -64.3376006407276,45.11813198801271,0 -64.3374224200483,45.1181223731817,0 -64.33617544661639,45.1186788763254,0 -64.335436678744,45.1188936584072,0 -64.3351185475246,45.1190999177931,0 -64.3358814447928,45.1191017977054,0 -64.3361984242328,45.119227714305,0 -64.3362240335387,45.1193444374043,0 -64.3356014583896,45.1192536106791,0 -64.3348374688352,45.1194776766338,0 -64.3345960716627,45.1196488309078,0 -64.3344550510127,45.11998084323069,0 -64.33413733753081,45.12026000917411,0 -64.334084624982,45.12088985635561,0 -64.33424900828339,45.1211237726077,0 -64.3344141245948,45.1209526103343,0 -64.3348344190069,45.1207649626025,0 -64.3349118420422,45.1204318929827,0 -64.3351915812158,45.12037821267321,0 -64.33507623971229,45.1206118063909,0 -64.3351139015044,45.1209183257151,0 -64.3345910194511,45.1212322978005,0 -64.33447334767919,45.12234808942619,0 -64.3339267562349,45.12251830756501,0 -64.3335332020809,45.1225445084003,0 -64.3334187700967,45.12249003385551,0 -64.3334964612439,45.12205884307149,0 -64.33335642646171,45.1218336342147,0 -64.3336620151385,45.121851669793,0 -64.3336239485875,45.1215820619121,0 -64.33339638714,45.121365076659,0 -64.33312941538,45.12125747204641,0 -64.3329661472569,45.1207435776118,0 -64.3328660460121,45.120266753024,0 -64.3336565790773,45.11910709954359,0 -64.333899505151,45.1188378102746,0 -64.334064366962,45.1188196812325,0 -64.3340766320557,45.1189095554717,0 -64.3334771710402,45.1195925888069,0 -64.3334003968812,45.11984463418239,0 -64.3336940090425,45.1194586309085,0 -64.33419080865001,45.1191170621854,0 -64.3343833521707,45.1185954112827,0 -64.3341670115977,45.1185322262908,0 -64.33415517907861,45.1184063489902,0 -64.3343904894038,45.1182698694935,0 -64.3348278072026,45.1183115675503,0 -64.3351192069177,45.1179710092783,0 -64.3350302992293,45.1178947056621,0 -64.3350358264677,45.1174506295252,0 -64.3352930849091,45.1166362574589,0 -64.334984101204,45.1165281312534,0 -64.3346484309882,45.1177084852737,0 -64.33444205536109,45.1181595625441,0 -64.33436391749321,45.1181034675163,0 -64.33473200044099,45.1169350049315,0 -64.3347403348228,45.1165152636735,0 -64.334543882426,45.11553806955369,0 -64.3348383486581,45.1149335805057,0 -64.33533558283651,45.11433995236801,0 -64.3379850493794,45.11238256381059,0 -64.337973457109,45.1119407221775,0 -64.33755624170681,45.11100491655,0 -64.33730489517281,45.1101490919837,0 -64.3370769776751,45.1098610037832,0 -64.3366202548365,45.1095188822511,0 -64.3365827708721,45.1093833943134,0 -64.3366474942907,45.108888439812,0 -64.3371714409173,45.1079173256001,0 -64.337363522408,45.1072696405585,0 -64.3369480549562,45.1061889008734,0 -64.3366310024872,45.1057299121864,0 -64.3365817088538,45.1053605253209,0 -64.3362780013084,45.1049283846958,0 -64.3362407981831,45.104586761647,0 -64.3356842308785,45.103721891876,0 -64.33568510596589,45.1035958567953,0 -64.33611668638569,45.1034071810471,0 -64.3368423148422,45.1032915589936,0 -64.3388881998915,45.1031595701636,0 -64.338926093372,45.1032581454069,0 -64.33879875958981,45.10330284674811,0 -64.3374255047968,45.1034449622405,0 -64.3375512674273,45.10387738384169,0 -64.33738618745809,45.10415656280139,0 -64.3375998435998,45.1045969567224,0 -64.3373459977109,45.1048852768509,0 -64.3373192595097,45.1050467216837,0 -64.3374969887189,45.105200370929,0 -64.3378018667149,45.10508337750791,0 -64.338272416482,45.1050391566459,0 -64.3387556549915,45.1051028063507,0 -64.339301620914,45.10507660084579,0 -64.3393906038802,45.1050224467999,0 -64.3392516539446,45.10484224961169,0 -64.3392657389969,45.1043028693167,0 -64.3390511915993,45.10393361198609,0 -64.338657154735,45.1038248092179,0 -64.3390520857225,45.10364554477269,0 -64.3391290778624,45.1030784304352,0 -64.3395108491619,45.1030433470929,0 -64.3396625111081,45.10316939327179,0 -64.3402355874542,45.1029988369511,0 -64.3415981696146,45.10180450573291,0 -64.34224598970241,45.1017869915982,0 -64.3428435985883,45.10195910145789,0 -64.3431221759017,45.10196843694029,0 -64.3450421755911,45.10151194526299,0 -64.34509280638591,45.1016112686147,0 -64.34487651207201,45.1016561243061,0 -64.34501631995779,45.10181831006221,0 -64.3452324065378,45.10171044414329,0 -64.3453730840711,45.1014765412121,0 -64.3456014474109,45.101458547696,0 -64.3457918939695,45.1016120342366,0 -64.34567663424561,45.1017916275358,0 -64.3457524662785,45.1019356624891,0 -64.3462223407352,45.1020804541014,0 -64.3464706942557,45.1019989407376,0 -64.3471678979667,45.1011354599979,0 -64.3478472089039,45.1010413876254,0 -64.34821984290031,45.10072678799061,0 -64.3490088342762,45.1003249034672,0 -64.3513668861855,45.0979571913981,0 -64.3516594118697,45.097804299888,0 -64.35220614321091,45.09770600942061,0 -64.3525115916202,45.09766998592681,0 -64.3526519715226,45.09775897128419,0 -64.3544299693291,45.0966487719591,0 -64.3542804828591,45.09636806866369,0 -64.35390002100689,45.0962411536909,0 -64.35383645094861,45.0960249642172,0 -64.3553109435058,45.0957662269792,0 -64.3554005218965,45.0956310371978,0 -64.35528675726241,45.0953884388622,0 -64.354817729836,45.0949556169076,0 -64.35438499460309,45.09503636482499,0 -64.354080592703,45.0950084682341,0 -64.3540654217376,45.0957647984326,0 -64.3539520928957,45.0958093506782,0 -64.3538270188655,45.0946036934532,0 -64.35569807191889,45.0933815585169,0 -64.35582475231359,45.09347187289471,0 -64.35494662908221,45.0940647107182,0 -64.3549339486802,45.0942809041568,0 -64.3552385517726,45.0944249281936,0 -64.35530147990561,45.0945600994446,0 -64.3550852523725,45.0948750274773,0 -64.3552492062709,45.0949829037693,0 -64.35560506168559,45.0949831811178,0 -64.3560503373235,45.0951102210199,0 -64.3555794653879,45.09519052612039,0 -64.35573138927219,45.0955956035637,0 -64.3556028566135,45.0959644023413,0 -64.3549798996328,45.0961167240913,0 -64.35498320435561,45.0962188551795,0 -64.3551544720307,45.0962918979052,0 -64.3554356639788,45.0967137152881,0 -64.3565313704113,45.0967798310444,0 -64.35709062064601,45.0967171955699,0 -64.35754466067429,45.0968164899727,0 -64.35831753914201,45.097149997995,0 -64.35879836504409,45.0971030498425,0 -64.35895472281869,45.0968418478605,0 -64.35878949437711,45.0968951240833,0 -64.3590069905901,45.0965270634896,0 -64.35895588314651,45.0962477160471,0 -64.35818379808011,45.0950947699658,0 -64.35813435635831,45.0946173628854,0 -64.3576768490193,45.094671412515,0 -64.3573218230075,45.0945451066971,0 -64.35723303196831,45.0943913311669,0 -64.35659942100961,45.0939316666079,0 -64.3564733530316,45.09354518686081,0 -64.3560545486514,45.0931936896181,0 -64.3560293017121,45.0929860479844,0 -64.3579358265883,45.09271269403101,0 -64.3582984713489,45.0928981391597,0 -64.3591342073278,45.09280294896881,0 -64.3592540682947,45.0930449309091,0 -64.3594852902058,45.0931168934961,0 -64.3594974069083,45.093359797664,0 -64.3598397359719,45.0935402586826,0 -64.35982581459039,45.0939175995427,0 -64.3602041478667,45.0951328366895,0 -64.3607985196174,45.0960790453412,0 -64.3607349822572,45.0961329129732,0 -64.35996349309011,45.0949529664281,0 -64.35958435434949,45.09391777387919,0 -64.3595206046791,45.0939626415906,0 -64.35981075175491,45.0948359616055,0 -64.35979787605611,45.0950431560965,0 -64.3592408351451,45.0941694122798,0 -64.3590001761242,45.0940426505822,0 -64.35870671020039,45.0946366599628,0 -64.3589346744084,45.09492470537911,0 -64.3590097272414,45.095302787631,0 -64.35930104105761,45.09563598752649,0 -64.35936379801019,45.0959241979663,0 -64.359617203258,45.0962128393063,0 -64.3597053952227,45.0966087681699,0 -64.359653195378,45.0972476163874,0 -64.35982605586,45.0974034585701,0 -64.3615873485904,45.0976134496923,0 -64.3621209424297,45.0977486846831,0 -64.36239346982789,45.0976967341662,0 -64.3640516548538,45.0982777196226,0 -64.3643355330758,45.09807259853749,0 -64.3645817190495,45.09761371667799,0 -64.365014243983,45.0975239308659,0 -64.3655597101927,45.0975336129896,0 -64.36568662969221,45.0976329152938,0 -64.365673935145,45.0977401883616,0 -64.365216823674,45.09775825630081,0 -64.3647722130362,45.0978742924884,0 -64.36480957261961,45.0981087926297,0 -64.3664103901318,45.0981373596686,0 -64.36771818788139,45.0986159008495,0 -64.3684916521356,45.0988055731522,0 -64.36901222511391,45.0990495826367,0 -64.3694066123235,45.0989593365824,0 -64.3692919049718,45.09921186194989,0 -64.3705870514909,45.0997976426217,0 -64.3707254538071,45.09995081193409,0 -64.3722112567965,45.10037585294221,0 -64.37249013417259,45.1006101476794,0 -64.3726430629394,45.1005741027174,0 -64.3727324138267,45.1004308007885,0 -64.37311253545801,45.1006467734526,0 -64.37360804555171,45.1006921237568,0 -64.37376176543491,45.1005300431677,0 -64.3736735434522,45.1002961586307,0 -64.37350798432909,45.1000172953314,0 -64.37306464936739,45.0996031442336,0 -64.3731411988539,45.0992970632948,0 -64.37328160949021,45.0992161590171,0 -64.3735600313838,45.0993784429759,0 -64.37434853132859,45.0995048821778,0 -64.3738266358979,45.0996308862492,0 -64.37406795148939,45.0997297027411,0 -64.37411822363489,45.0998650246758,0 -64.37458853123699,45.0999196759355,0 -64.374651917929,45.10001883257739,0 -64.37592321168221,45.0997136634381,0 -64.3770036131135,45.09976905317329,0 -64.37738384792451,45.0997248593286,0 -64.37767736482461,45.0995628870145,0 -64.3778926248972,45.0996350044317,0 -64.3783503590532,45.09953676164259,0 -64.3791388838869,45.0992940944181,0 -64.37916469277749,45.09920466506241,0 -64.3790888097104,45.0991146635812,0 -64.3784282820247,45.0990776303373,0 -64.3791528951744,45.0989257523346,0 -64.37977525202341,45.09890833176879,0 -64.379850485696,45.098971335299,0 -64.379545895337,45.0990425289977,0 -64.3794817738921,45.0991243196991,0 -64.3806121849256,45.099251094365,0 -64.38158565822791,45.0995743932838,0 -64.3817982434075,45.09950693608909,0 -64.3822952731621,45.09957271848451,0 -64.38218008149769,45.0994746342304,0 -64.3822615078742,45.0994364712108,0 -64.38252767786609,45.0995423683865,0 -64.38256422172419,45.0994724411796,0 -64.38284771785629,45.0995478728389,0 -64.382799509843,45.0994257173855,0 -64.3835518936326,45.0993588660518,0 -64.3838195283287,45.0992822043771,0 -64.3838262381641,45.09915166026369,0 -64.3841025555602,45.09921666173079,0 -64.384619755683,45.0990073741736,0 -64.3855510192983,45.0982203944273,0 -64.3858394977801,45.097798301788,0 -64.3857265316833,45.09779549593929,0 -64.385888225681,45.0976832167222,0 -64.38726065889669,45.09535572136831,0 -64.3871970819893,45.0952247166215,0 -64.3870917212257,45.0952413535945,0 -64.3863595123498,45.0959695064157,0 -64.3857612039285,45.096108618158,0 -64.38548995071299,45.0964969340509,0 -64.3856713898427,45.0961086638954,0 -64.38555557483809,45.0959132632617,0 -64.38568076194031,45.0958734415616,0 -64.38575993858061,45.0956159028395,0 -64.38585637699769,45.0957331959154,0 -64.3860273792357,45.09562400813561,0 -64.38706160622159,45.0943421619685,0 -64.38753231129709,45.09389287116601,0 -64.3876119570162,45.093897106363,0 -64.3874956292412,45.0940852980057,0 -64.3860517384087,45.0957541483139,0 -64.3861813539133,45.09574033247681,0 -64.3864500305426,45.0953430354035,0 -64.3868468544169,45.09498491442499,0 -64.38768565818791,45.09470495819861,0 -64.3879067759428,45.0942955701017,0 -64.387819995071,45.09422290923649,0 -64.388023340845,45.0940820531403,0 -64.3885777237158,45.0933375444182,0 -64.3890624548113,45.0928878606556,0 -64.3901369716817,45.0921375288593,0 -64.3904396247988,45.0921990978696,0 -64.3914491026439,45.09206717638921,0 -64.3912570733964,45.0916045918344,0 -64.3907372250833,45.0909830496239,0 -64.3907553925013,45.09074823268881,0 -64.39109900854621,45.0905595103649,0 -64.39167037547431,45.0907487872534,0 -64.3919111311871,45.09092948929259,0 -64.3925458067271,45.09163199222061,0 -64.39255818568181,45.0917758698776,0 -64.39428496070261,45.0919213312088,0 -64.39504790333331,45.0919399182758,0 -64.3951876514668,45.09188600048891,0 -64.3954915287015,45.0920488202563,0 -64.3966596422236,45.09231899512889,0 -64.3977387546736,45.09274327786,0 -64.39793985314741,45.0930663476546,0 -64.39853944251939,45.09361754831729,0 -64.3986621043382,45.093878898011,0 -64.3989004394611,45.0939043250326,0 -64.398772310715,45.0940703932661,0 -64.3994743382044,45.0952543655292,0 -64.39999753093259,45.095785169351,0 -64.4002876651338,45.0957960592646,0 -64.4003123648131,45.0959226814437,0 -64.4010881679164,45.0960490907796,0 -64.4029051057292,45.0959781793518,0 -64.4038448382093,45.0958441955006,0 -64.40531953067151,45.0953957687984,0 -64.40564981255559,45.09523417192671,0 -64.4064734860339,45.0945944799777,0 -64.40676917389,45.0941080536716,0 -64.4067389924279,45.09376435946031,0 -64.40658675086971,45.09329401062999,0 -64.4044878432202,45.09117426440189,0 -64.40415833765159,45.0905887001442,0 -64.4040320744044,45.0901032561669,0 -64.4040209066126,45.0892842397506,0 -64.404556788542,45.08823163189961,0 -64.4042013257323,45.08793444406751,0 -64.4042143527987,45.0878442749469,0 -64.40460320503441,45.0878399781038,0 -64.40494492864759,45.0879695493716,0 -64.4052066037176,45.0877489809627,0 -64.4055837559805,45.0876925153672,0 -64.4059049343891,45.0875377090593,0 -64.40779246790549,45.0873789658505,0 -64.40922219180339,45.0874797472722,0 -64.4110590995531,45.0878051059838,0 -64.4114146459607,45.0877863895974,0 -64.4118334903245,45.0875908504565,0 -64.41232605686091,45.0871141542077,0 -64.4129586713802,45.0862038889467,0 -64.4130884569135,45.08587954159029,0 -64.4136156075222,45.0853372297137,0 -64.4144253547001,45.0848206077963,0 -64.415005166013,45.08433447441849,0 -64.4161112849109,45.0837950564514,0 -64.4167329540592,45.0837054282207,0 -64.41837119316401,45.083823717277,0 -64.4190194427473,45.083986696874,0 -64.4202505479798,45.0845448044021,0 -64.4204662694692,45.0844818089445,0 -64.42054302386531,45.084707699154,0 -64.421266564882,45.0851397828413,0 -64.4229024887975,45.0865443998059,0 -64.4240456888747,45.0866804684691,0 -64.4240965338775,45.08652770415831,0 -64.4243249518496,45.0866175734082,0 -64.424732560065,45.0865548766136,0 -64.4250877741831,45.086275889294,0 -64.4250256479323,45.0854124932499,0 -64.4247349389118,45.0845033398384,0 -64.42407541232009,45.0831712007745,0 -64.4241282562888,45.0821272328543,0 -64.4237978897761,45.0821268519515,0 -64.4242426398088,45.0818215452196,0 -64.4248158028709,45.08095742277821,0 -64.42527384653521,45.0804719100281,0 -64.4267866129824,45.0794826224638,0 -64.4274853707643,45.0791237186701,0 -64.4284640648405,45.0787820130093,0 -64.42926369355671,45.0786477816961,0 -64.4298740069723,45.0786662458273,0 -64.4303305736161,45.07883696287819,0 -64.43199341016189,45.079791916542,0 -64.43231087071661,45.0802425257865,0 -64.43224733932411,45.0807962493989,0 -64.4323265858086,45.0814818137094,0 -64.43276051530449,45.0814247802503,0 -64.4324220134344,45.0817109006599,0 -64.4325047256207,45.0820117833692,0 -64.43266929498429,45.082403313269,0 -64.4329358487541,45.0825382270627,0 -64.4336199074302,45.0825950126832,0 -64.4341033200692,45.08246263102521,0 -64.434243666019,45.0823100076883,0 -64.43433457017851,45.0820811476835,0 -64.4343037638541,45.0815598262136,0 -64.434124855768,45.0814421866781,0 -64.4343192632022,45.0813657508069,0 -64.434176500319,45.08058769040101,0 -64.4346004666981,45.0789364585897,0 -64.4347730849326,45.0786319377929,0 -64.43532439784251,45.0784158542836,0 -64.43563675071771,45.0783760115666,0 -64.4357686637767,45.07811905327969,0 -64.4358687945673,45.0783514454458,0 -64.4367914591089,45.0784977616043,0 -64.4369543598273,45.0784655563046,0 -64.43699297657921,45.0785859107148,0 -64.4372529849631,45.0787372092982,0 -64.4375570986621,45.0790675201971,0 -64.4378237303936,45.0790475828035,0 -64.4376912528287,45.0792670490231,0 -64.4378326838406,45.0799507291098,0 -64.43759494660161,45.0809746699623,0 -64.43794388795121,45.0815344385383,0 -64.4385166486294,45.0821365134485,0 -64.43894249466921,45.0824544311582,0 -64.43929631383961,45.0824909764628,0 -64.4401871733721,45.0823788101657,0 -64.4419622084902,45.082317527676,0 -64.44386851123571,45.082798717145,0 -64.44434948716879,45.0827999545983,0 -64.44467252890961,45.0827045729633,0 -64.4447519055531,45.08247571540231,0 -64.4443893280893,45.0810967330362,0 -64.444457458895,45.0804271274985,0 -64.4434756448621,45.0804557427096,0 -64.4425715211825,45.0802089933263,0 -64.442140201659,45.0799125194238,0 -64.4417779687938,45.0794019100878,0 -64.4414368489402,45.0792153411664,0 -64.4413097984248,45.0790320473615,0 -64.44131353056591,45.07882167308289,0 -64.44139130671731,45.0787900944883,0 -64.44160748703059,45.07908360664669,0 -64.44188991978859,45.0791923661742,0 -64.4420160905246,45.0791653072558,0 -64.44217473028181,45.07945924769089,0 -64.4426376837049,45.0799400299645,0 -64.4435784178454,45.08020683124679,0 -64.4444003667579,45.08007340344769,0 -64.4446609908593,45.0801089231618,0 -64.4449672338171,45.0802696653957,0 -64.4455566733251,45.08013146488041,0 -64.4463601481917,45.0801433028405,0 -64.4465095337827,45.0799758138968,0 -64.4468478295793,45.0799716101795,0 -64.4466755119294,45.08014416097451,0 -64.4466375473334,45.0803727565386,0 -64.4470822805049,45.08122473384461,0 -64.4471734279371,45.0823771419986,0 -64.447408429422,45.0828481991495,0 -64.4476618703312,45.08297857399359,0 -64.4480836890875,45.08305834802901,0 -64.4498497239385,45.0832033782725,0 -64.4504469844061,45.0830049572918,0 -64.45114254046941,45.0823986280079,0 -64.4511313381665,45.08212976947281,0 -64.45076647810551,45.0814708994084,0 -64.4507974578309,45.081105500784,0 -64.4511947889883,45.0804828215032,0 -64.4523714569081,45.0792375798033,0 -64.4530678651895,45.07772450231941,0 -64.4538045769925,45.07716600833199,0 -64.4541731987798,45.07702268798631,0 -64.45478340302979,45.07698701200451,0 -64.4550878306263,45.0770677602121,0 -64.4552931391777,45.0772242695282,0 -64.455430665115,45.076760076177,0 -64.4551425315822,45.07658792394761,0 -64.45522762440859,45.07651866912601,0 -64.4554817307267,45.07651902309339,0 -64.4556853136519,45.076681161835,0 -64.4559643389745,45.0767622224462,0 -64.45571006997911,45.07735598213449,0 -64.4553407600914,45.07757223086631,0 -64.4553159929727,45.077697671593,0 -64.45533969458739,45.0788315975234,0 -64.45554304935671,45.0794348279429,0 -64.4557333837222,45.0795251209062,0 -64.4579433727634,45.0794447227427,0 -64.45990025328059,45.0790047442891,0 -64.46075140869981,45.0789506533829,0 -64.4611574395457,45.0787798266586,0 -64.46136122084231,45.0785998839542,0 -64.46221196588721,45.07758349385799,0 -64.4625172626934,45.0773491387313,0 -64.4635060302336,45.0773515068252,0 -64.46454655844261,45.07761947626719,0 -64.46550743629599,45.0783894990127,0 -64.46629357706711,45.07868016009549,0 -64.4670135637507,45.0786345468823,0 -64.468295302876,45.0779858771753,0 -64.4687391051108,45.0776887815502,0 -64.4690875694171,45.0772956910908,0 -64.4692593890716,45.07699516053449,0 -64.4691625558728,45.0768207809462,0 -64.4688093816126,45.07678193522629,0 -64.4682062222538,45.0773005442757,0 -64.4676423382686,45.0773933997246,0 -64.4670658562966,45.0771578480706,0 -64.46636275256461,45.0765315297392,0 -64.4648812976715,45.07583273469351,0 -64.4646431883594,45.075553320316,0 -64.4648024348183,45.0752571798724,0 -64.4654612151988,45.0750651823996,0 -64.46723032895341,45.0750605627703,0 -64.467727387606,45.0751472542196,0 -64.4681485966274,45.07502535638631,0 -64.46839650921289,45.0746452628686,0 -64.46825356865109,45.074317184161,0 -64.4676732568423,45.0737968672333,0 -64.467478066149,45.0727125861006,0 -64.4677416375594,45.07241339902739,0 -64.46823164208941,45.07229988845101,0 -64.46921255480611,45.07244552471279,0 -64.46996320817919,45.0724744825089,0 -64.4700295737389,45.0726102758574,0 -64.4706976412202,45.0731241397187,0 -64.4709556734378,45.0732880701631,0 -64.4711977563074,45.07332050888031,0 -64.4720140655315,45.0732688512261,0 -64.4722386951242,45.0731905202705,0 -64.4733738646925,45.07262928946091,0 -64.47334984963349,45.0725351701974,0 -64.4734674043322,45.0724528171191,0 -64.4741579010504,45.072459307806,0 -64.4743175834588,45.07257273074459,0 -64.47453643155551,45.0724427094151,0 -64.47475268482791,45.0724538697353,0 -64.474895749354,45.0725089226158,0 -64.4748463800486,45.072703450456,0 -64.4749738944514,45.0727712976121,0 -64.4751666782456,45.072655294489,0 -64.47574132292701,45.07253858785,0 -64.4757908486696,45.07264641978271,0 -64.4756914193881,45.0727418637317,0 -64.4751158225001,45.0729297868163,0 -64.4752254200653,45.07305718712401,0 -64.47522791543081,45.07345044442711,0 -64.4753606283049,45.0736609928574,0 -64.4758066179804,45.0740636426517,0 -64.4759481475416,45.0734715642084,0 -64.4762011133445,45.0731715944608,0 -64.4765106253431,45.0730005192631,0 -64.4768502147279,45.07306013100379,0 -64.4772943990064,45.0734565871252,0 -64.4780507040946,45.0751135777678,0 -64.4781983157763,45.0752263503193,0 -64.4785152487015,45.0751753479717,0 -64.4783909434251,45.0753456513539,0 -64.47852254680301,45.0754386466875,0 -64.47907934562291,45.0755699744349,0 -64.4794443740282,45.0755704671023,0 -64.47991799316939,45.0754968167098,0 -64.4808672167196,45.0751205770199,0 -64.4814072805481,45.0750958298474,0 -64.4815632658572,45.0751636603724,0 -64.48180529014689,45.07549313739279,0 -64.481804064586,45.0762567775433,0 -64.4815933448911,45.0768683945094,0 -64.4816198041547,45.0770220723109,0 -64.48176367534541,45.07712237623959,0 -64.48245277321971,45.0768121420612,0 -64.4825021839888,45.0763940953577,0 -64.4830786077421,45.0761684878053,0 -64.48367362198221,45.0760870339696,0 -64.48422835136481,45.0760886472938,0 -64.4843775481616,45.0762326275674,0 -64.48426945258559,45.0765033669739,0 -64.4836896299889,45.0767350469049,0 -64.483625444495,45.0769205980926,0 -64.484423020178,45.07692895724511,0 -64.4851139307669,45.07737105530631,0 -64.48584823946,45.0769283360233,0 -64.48649910729949,45.07677628663159,0 -64.4871456949801,45.076748334316,0 -64.4880982635384,45.07632580262479,0 -64.4899531789732,45.0767078684799,0 -64.4902894956948,45.0769089915488,0 -64.4905868787778,45.0768781948543,0 -64.49031408191961,45.0769506191705,0 -64.4896063365041,45.07668341639341,0 -64.4885850732737,45.0765347815427,0 -64.4881341005467,45.0763751156917,0 -64.4877335953538,45.0766228430506,0 -64.4871160914514,45.0768658334807,0 -64.4863623153085,45.0769003118403,0 -64.48590183102679,45.0770156765004,0 -64.4854049406477,45.07739319567211,0 -64.4851391699128,45.0774625456082,0 -64.4852010946739,45.0777930971337,0 -64.4851012331584,45.078528763965,0 -64.48534531210829,45.07904895508539,0 -64.4859555738327,45.0790939466473,0 -64.4863325296643,45.07898074923509,0 -64.486922748064,45.0789975507594,0 -64.48708415746169,45.0790436087246,0 -64.4876839477715,45.0795907586097,0 -64.4879089405012,45.0796633525958,0 -64.488192648134,45.07951139589801,0 -64.488703777617,45.0787232863278,0 -64.4897828422168,45.0785034328965,0 -64.4908197272713,45.0780445815331,0 -64.49101037097719,45.0780275996562,0 -64.49126216662169,45.07816356996321,0 -64.4915250171305,45.0793445062163,0 -64.49180826768421,45.0793902263498,0 -64.4921931642304,45.0792456695372,0 -64.4925241951688,45.0792624168355,0 -64.4930738955308,45.0797282675831,0 -64.49342435940299,45.0802810773444,0 -64.4938315132281,45.0802884446517,0 -64.4941143078793,45.0801555690197,0 -64.4943212691648,45.0802086723123,0 -64.49383867158519,45.0804607357651,0 -64.4934951253309,45.0804418244774,0 -64.4932290510299,45.0802265598033,0 -64.49298701176571,45.07981204016649,0 -64.49246628254819,45.07938045837379,0 -64.491856354628,45.0795243553449,0 -64.49139938204119,45.0794430065792,0 -64.49120947094281,45.0783454646601,0 -64.4909298888862,45.078147474419,0 -64.48993923518169,45.0785519827617,0 -64.4888089032174,45.0788133742988,0 -64.4885923839383,45.07903764152431,0 -64.48823697662,45.0797849234656,0 -64.4880967787566,45.0798659754026,0 -64.48791264762571,45.0798453299788,0 -64.4875762798698,45.0797160351302,0 -64.4869070691538,45.07915231606709,0 -64.4854896918293,45.0792517783536,0 -64.4851646918563,45.0791391619203,0 -64.4848904707152,45.0785981180737,0 -64.4849885107969,45.0777576939836,0 -64.4848948379575,45.0774570811196,0 -64.48405193247009,45.0773911626054,0 -64.483610199916,45.07720048259911,0 -64.48331596364331,45.0769406415809,0 -64.483358353532,45.0766246672918,0 -64.4839844389726,45.07638383614411,0 -64.4839755123901,45.07629420401599,0 -64.4835023123793,45.0762863993361,0 -64.4828967812566,45.0764869118524,0 -64.48278294600181,45.07656058455769,0 -64.4827630616786,45.0768135147514,0 -64.4826310556151,45.0769853629989,0 -64.48211613452411,45.07724616831639,0 -64.48175718678461,45.0772989860491,0 -64.481457680422,45.0771987208244,0 -64.4812958750402,45.0769353561908,0 -64.4814776518508,45.07558704639479,0 -64.4813506223245,45.0753369133922,0 -64.4808495768999,45.0753672665665,0 -64.48045331196251,45.07564731993989,0 -64.4795781268659,45.07582592518819,0 -64.4785105171636,45.07580967733009,0 -64.47820896846321,45.07568387385891,0 -64.47768482773149,45.0752373167127,0 -64.4767617428502,45.0733831802426,0 -64.47659979465,45.07340453827921,0 -64.4764078420976,45.07359227757111,0 -64.4763449309105,45.07408468028989,0 -64.476219031467,45.074267244414,0 -64.4758478419773,45.07437700333369,0 -64.4750507886455,45.0739430615738,0 -64.4747645481321,45.0734974776551,0 -64.4745974743964,45.0729836598029,0 -64.4744944919556,45.0729311496462,0 -64.473837850503,45.07294214667981,0 -64.4733490390101,45.0730524252749,0 -64.4729773209209,45.07325526052341,0 -64.47296944493149,45.0735816780759,0 -64.47275957916349,45.0733791523318,0 -64.47215019547509,45.0736575053334,0 -64.4709818121231,45.07368300335081,0 -64.4693500894643,45.0728005873189,0 -64.4690033978745,45.0727262006348,0 -64.4681532182834,45.0727101194432,0 -64.46804157043179,45.07308305983861,0 -64.4682241483217,45.07367429252659,0 -64.46871062101231,45.0741069656403,0 -64.4689442729111,45.07459870026711,0 -64.4687682187183,45.0750610475786,0 -64.4683363095622,45.0753752740468,0 -64.468021797861,45.075496431146,0 -64.46555418366449,45.0754616897416,0 -64.46528086997159,45.0755497233772,0 -64.46540706151291,45.0756653980753,0 -64.4660584958564,45.0758617396862,0 -64.46763279433191,45.0769510832798,0 -64.4678938207155,45.0768495186075,0 -64.46790782492209,45.07667200287331,0 -64.4680688481005,45.0767187228044,0 -64.4684828820469,45.0764452354588,0 -64.46888453400101,45.0763630233798,0 -64.4692847361862,45.0764225891109,0 -64.469770794905,45.07678334739609,0 -64.469753009285,45.07731368409731,0 -64.4694808161844,45.07773793165461,0 -64.46919614088669,45.0778686099894,0 -64.4692227769938,45.078035430957,0 -64.4671524195071,45.07915036713101,0 -64.46693631091409,45.07919545183601,0 -64.46578057294241,45.0791139705449,0 -64.4644097972667,45.0780252310574,0 -64.46340644842191,45.0777905408249,0 -64.462822248423,45.0777998246115,0 -64.4615125396417,45.0792028694033,0 -64.4615260020926,45.0794817532033,0 -64.4614357824636,45.0795810273034,0 -64.4611944873372,45.07953550464379,0 -64.4610051026568,45.07938310515529,0 -64.46068766478309,45.0794906769106,0 -64.45970921224691,45.0795355920636,0 -64.4586041123341,45.0797963592173,0 -64.4576894914466,45.0799034545378,0 -64.45566221989,45.0799739667732,0 -64.4550094114983,45.079724940883,0 -64.454603364934,45.07922611947169,0 -64.4544682706648,45.0785506428279,0 -64.45470331394429,45.0777107063702,0 -64.454635650602,45.0775090633982,0 -64.45448558528879,45.07747929707419,0 -64.4541238418612,45.0775963445835,0 -64.4536640172887,45.0779114818168,0 -64.4530826968937,45.0792596530357,0 -64.4518816955043,45.0806095783174,0 -64.4518628687542,45.0807271021406,0 -64.45197976011779,45.0808419015806,0 -64.4518492627592,45.0808837084454,0 -64.45197075333,45.0815738807405,0 -64.45216923440969,45.0816130358313,0 -64.4522104598571,45.0817447301822,0 -64.4519704786138,45.0818444604337,0 -64.4517994291452,45.08253026756769,0 -64.45133552489411,45.082969365756,0 -64.4502303059693,45.0835811229872,0 -64.4482479045774,45.0837241990698,0 -64.44804478531459,45.08383209520611,0 -64.44787987587929,45.083742367501,0 -64.4478418266018,45.08354391031271,0 -64.44713139318419,45.0833368704377,0 -64.44667443929779,45.08300329105249,0 -64.4461046806527,45.0810688173092,0 -64.44584907641919,45.0823197028996,0 -64.4456837489118,45.08261615444021,0 -64.4450479386812,45.0832012154269,0 -64.44428595804671,45.0833179743306,0 -64.44442415861231,45.0839112449268,0 -64.4441318177594,45.08410938001509,0 -64.44389078103821,45.0844778997435,0 -64.4438646029239,45.0843738819626,0 -64.44413526724151,45.0838599509163,0 -64.4439257075331,45.0833936701644,0 -64.44198373581339,45.08294703984299,0 -64.4415297967039,45.08290483508541,0 -64.44105142989009,45.0829214934178,0 -64.4395603378759,45.0832196665325,0 -64.43905619606529,45.08320228147721,0 -64.4384290243209,45.08295926521799,0 -64.4376247144577,45.0824094883879,0 -64.43694185904999,45.08152137562231,0 -64.4358555129299,45.0795049145934,0 -64.4356361545629,45.0792995231906,0 -64.4353276363815,45.079748521688,0 -64.4352478505597,45.08041257904299,0 -64.43610821189939,45.0810173981766,0 -64.4364220778147,45.0813883135143,0 -64.43642421040239,45.0815312352922,0 -64.435853210003,45.081054117738,0 -64.4353451632076,45.0807571424382,0 -64.4354201619412,45.08217939363371,0 -64.43502574189699,45.0828180762594,0 -64.43397070670341,45.08341103301671,0 -64.4330059760714,45.08334752680891,0 -64.4326250630476,45.083256896678,0 -64.4304660552246,45.08238287605919,0 -64.43025108517411,45.0820678054475,0 -64.43021289018709,45.0817082118441,0 -64.43095085781241,45.080934712941,0 -64.4309638997011,45.0802864197256,0 -64.4305077553668,45.0798276422777,0 -64.4297583267944,45.0793770366389,0 -64.4294414993731,45.0793584988919,0 -64.42892028486121,45.0794487395105,0 -64.4282085939215,45.0797988120232,0 -64.4280432698324,45.0803022802921,0 -64.4278207116003,45.080210706627,0 -64.42776435812461,45.0799227954456,0 -64.4259772730997,45.0808760671611,0 -64.425190112153,45.08201476611611,0 -64.4252873358367,45.0822027254283,0 -64.4250750860561,45.0822254126713,0 -64.4250136690751,45.0827858031958,0 -64.4251123732634,45.0831472628685,0 -64.42584985358179,45.0842234828581,0 -64.4260096066988,45.08480249917011,0 -64.4263478730138,45.0852361839548,0 -64.4265476712998,45.0859116123607,0 -64.4265290281509,45.0861642733309,0 -64.426401137521,45.0862568881213,0 -64.4265121772663,45.0864991701998,0 -64.4259917248577,45.0871995107751,0 -64.42532731713101,45.0874657167051,0 -64.4247845964132,45.08756610883231,0 -64.4239333020947,45.087593309745,0 -64.42244130294721,45.0873986273742,0 -64.4223423767646,45.0875793733255,0 -64.42221583242871,45.0873451028672,0 -64.4205005002521,45.0872989425919,0 -64.41951078157921,45.0871006094688,0 -64.4187365130262,45.0867762664086,0 -64.4184055021003,45.0864428118432,0 -64.4181664592909,45.0856149160348,0 -64.4176211492464,45.0849393610163,0 -64.417049311266,45.0847322076423,0 -64.4165278770964,45.0847134727289,0 -64.4159940582384,45.0849649428541,0 -64.4155240863177,45.0854865818578,0 -64.41532067679729,45.08558541358511,0 -64.4145820820699,45.0866018668217,0 -64.41453082958,45.0867906391745,0 -64.4147080038943,45.08707020003961,0 -64.414657897269,45.08715093678131,0 -64.4142896898832,45.0870600792877,0 -64.41348754456661,45.0879233818899,0 -64.4127121209355,45.0884271768812,0 -64.4114667017999,45.0889394781962,0 -64.4099408762383,45.0891086601376,0 -64.40981320770599,45.08954952379391,0 -64.4096364652834,45.08944188419981,0 -64.4094970560361,45.0891987566605,0 -64.40930593379279,45.0891264010292,0 -64.40633336018089,45.0891153436297,0 -64.4056987762735,45.0893031938442,0 -64.4055836932595,45.0896367856164,0 -64.4056713072403,45.08999666969081,0 -64.4062167769043,45.090941441774,0 -64.4073077565395,45.0919506026558,0 -64.40784003029199,45.0923563224356,0 -64.4081443096533,45.09248219581769,0 -64.40810606543489,45.0925807869102,0 -64.4085628267338,45.0932745913312,0 -64.4086506478009,45.0942106022326,0 -64.4076696806876,45.0954064347595,0 -64.4070721203221,45.0958107699605,0 -64.4060291796886,45.09629621155079,0 -64.4060422145424,45.0964130741404,0 -64.4057109315787,45.0966377058996,0 -64.4052664913026,45.0968088006502,0 -64.4055966905091,45.0972134167433,0 -64.40601499803969,45.097375699258,0 -64.4055076167114,45.0973126326556,0 -64.40496127572089,45.09706010572031,0 -64.4045413676006,45.0969878567866,0 -64.4036135980157,45.0972477152059,0 -64.4029023587207,45.0973194691019,0 -64.4022471114519,45.097285120094,0 -64.40178962834339,45.0974400952996,0 -64.40172117841961,45.0973789134304,0 -64.4009841299339,45.09740783571739,0 -64.4007929904698,45.0973354661821,0 -64.399708590784,45.0972658946637,0 -64.3987318178837,45.0970146069049,0 -64.39865019604849,45.0970426120498,0 -64.39867916381669,45.0972197723099,0 -64.3983723782269,45.09716166053341,0 -64.3982884558863,45.09704124524869,0 -64.3980143413053,45.097339715986,0 -64.3976305461028,45.09741067637021,0 -64.3974917737653,45.0973633151591,0 -64.3974754465779,45.09721028669459,0 -64.3976326103096,45.0967741622754,0 -64.39570788488,45.0962404133847,0 -64.3940130698751,45.09535743675971,0 -64.3928929953445,45.0949434126436,0 -64.3926961241756,45.09480019212581,0 -64.39261457590359,45.0951418502289,0 -64.392322722987,45.0947158261419,0 -64.3916355020876,45.0945161993928,0 -64.39128028773411,45.09538702173231,0 -64.3911333113121,45.09550072261539,0 -64.3911811637373,45.0956123558524,0 -64.39096533979389,45.09582754423271,0 -64.3906920555625,45.0964385832833,0 -64.39043377891031,45.09732264294379,0 -64.3899396655146,45.0982930193961,0 -64.389392962024,45.0990451102456,0 -64.3893771636852,45.0992217373377,0 -64.38911300096559,45.09926042729779,0 -64.3888630252854,45.0995095046857,0 -64.3888565462516,45.09965643849939,0 -64.3885113583319,45.09993229220769,0 -64.38816603839081,45.1000029689409,0 -64.3881201962985,45.1001043458159,0 -64.3877265008681,45.1002747633366,0 -64.3873314461763,45.1005991259103,0 -64.3867089426936,45.1007687189873,0 -64.38617484200969,45.1010200516143,0 -64.3826791906323,45.1016376461887,0 -64.3820560636516,45.1018351269572,0 -64.3811284737175,45.10195167095301,0 -64.3785339388012,45.1026770589935,0 -64.378025540449,45.1027309050027,0 -64.37463054746929,45.1038970461026,0 -64.37358908851731,45.1038780731683,0 -64.3702709395138,45.1041708906556,0 -64.3678942775955,45.1045018464838,0 -64.36744861891241,45.1047889395412,0 -64.36600844831911,45.10702781015059,0 -64.36593059495991,45.1073879113732,0 -64.3661968582981,45.1078924251509,0 -64.36676711877369,45.1082978815146,0 -64.3669326526871,45.1085227440443,0 -64.3671938926466,45.1105207052263,0 -64.36838645667331,45.1114849088227,0 -64.3688564831526,45.1116836143218,0 -64.36935165613821,45.1117109831262,0 -64.3695805429913,45.1118198594364,0 -64.36966872690741,45.1119457262106,0 -64.36966734821689,45.11279190665761,0 -64.3695907404523,45.1130970845358,0 -64.3679964641598,45.1154890566738,0 -64.3678940161037,45.1157774396391,0 -64.3680890579657,45.11915255454831,0 -64.3682287946968,45.1194668409055,0 -64.36869855399139,45.1199175982137,0 -64.3687098176587,45.1200164912478,0 -64.3684567508204,45.11985478408679,0 -64.3679496442639,45.1192775487949,0 -64.3676638322487,45.1162536887071,0 -64.3677042682336,45.11549795834159,0 -64.3674623245404,45.1155881732416,0 -64.36701550244121,45.116469393285,0 -64.36705239585309,45.1172161048879,0 -64.367214932693,45.1179000910513,0 -64.3675452428874,45.1183687172747,0 -64.36769633127609,45.11899882929519,0 -64.3677333397732,45.11943046922971,0 -64.36747757717281,45.1201140640158,0 -64.36765307555891,45.1208077958196,0 -64.36780507961051,45.120996811572,0 -64.3677163670915,45.1212751277024,0 -64.3674114486335,45.1213381915587,0 -64.366990313735,45.1218059237538,0 -64.3670787765739,45.122102821828,0 -64.3675983198688,45.1225079786205,0 -64.36772576565259,45.1227333045004,0 -64.36715180927369,45.12313804645639,0 -64.36711351043451,45.1233446446786,0 -64.36691013268791,45.1235604208458,0 -64.36717660747649,45.1238038774451,0 -64.3672012797706,45.12409163729249,0 -64.367328279456,45.12424494606659,0 -64.3675437617031,45.1241100397332,0 -64.367633409924,45.1241368712097,0 -64.3674672236741,45.1246321565321,0 -64.36711019766121,45.12491008486269,0 -64.3670842066052,45.1251534427171,0 -64.36721036698999,45.1253247650882,0 -64.3674525669721,45.1252435493237,0 -64.36774534295439,45.124830463616,0 -64.36820425567529,45.12450630368929,0 -64.3684090240866,45.12397634831331,0 -64.3685486805353,45.1239674819269,0 -64.36876470626029,45.12417462341159,0 -64.36898002917169,45.1241927546487,0 -64.3693881434311,45.124031221176,0 -64.3701266780011,45.12338413797689,0 -64.370430979163,45.1233480794405,0 -64.3706097813979,45.1231685990042,0 -64.3715119514334,45.1231964721282,0 -64.3717927007942,45.1230796773629,0 -64.3724782790292,45.1230894411509,0 -64.37315292230311,45.1228022754069,0 -64.3737128273262,45.1228207446343,0 -64.3741569635376,45.1226776733758,0 -64.3745763514392,45.1226690240642,0 -64.375454908205,45.1225081141491,0 -64.37554326037549,45.1224809446841,0 -64.37553090360829,45.1223370659741,0 -64.3757603891052,45.12225688601779,0 -64.3766115987507,45.1221224017704,0 -64.3771454260955,45.12211416345199,0 -64.37830336797779,45.1217284189036,0 -64.3790784919113,45.121602936382,0 -64.379142660513,45.12152204592199,0 -64.37873636863949,45.1214405365867,0 -64.3787492384247,45.1213413622105,0 -64.37893972311851,45.1212787591466,0 -64.37925717291181,45.12126141295489,0 -64.3795492384843,45.1213515021144,0 -64.38021104867479,45.1213254998594,0 -64.3816469164764,45.1211830174731,0 -64.382105075897,45.1212008675082,0 -64.3824870896849,45.12106661752911,0 -64.3835286254839,45.1210224947232,0 -64.3837823797376,45.1211580458854,0 -64.38502887989981,45.1211771374966,0 -64.3854222849332,45.121303789375,0 -64.38563778357791,45.1212768694981,0 -64.3861978202801,45.1215113171658,0 -64.38664180528799,45.12152122852591,0 -64.38790041563161,45.1218822068542,0 -64.38847113817199,45.1219274773519,0 -64.3885104881702,45.1218198873782,0 -64.3879255364759,45.1214498191019,0 -64.3874818555327,45.1209277113397,0 -64.3871399310282,45.1207743361126,0 -64.3866438008781,45.1207110496901,0 -64.3866433286103,45.1206390416787,0 -64.3867585682739,45.1205674285794,0 -64.3871908664422,45.1205675779033,0 -64.3875583922662,45.12067563325801,0 -64.38766084523959,45.1204961540412,0 -64.38745769455051,45.1202978847088,0 -64.38790284424221,45.1201988562673,0 -64.3879272798933,45.1205775315364,0 -64.3877998796701,45.1208293279767,0 -64.3880796522505,45.12119859790829,0 -64.3887399567453,45.1214777227021,0 -64.38912032607431,45.1214334877527,0 -64.3893385916052,45.1208394191406,0 -64.3893011612805,45.1203447802181,0 -64.3894797943871,45.12005636074661,0 -64.38932840013079,45.1196333130786,0 -64.38953165597459,45.11967855760621,0 -64.3898103415555,45.12000281898231,0 -64.38993687611431,45.1200300840835,0 -64.39013987542531,45.1200123096204,0 -64.3902933800595,45.1198412081657,0 -64.3908277978783,45.1198058936257,0 -64.3909167349855,45.1196985899008,0 -64.3916031067254,45.1196902259043,0 -64.39165355281359,45.11972561787919,0 -64.3914252157399,45.119851724422,0 -64.3904201144332,45.1201385217959,0 -64.3900759622499,45.1204172648817,0 -64.3899616215047,45.1202638274581,0 -64.3897335972424,45.12024589936,0 -64.3895663158667,45.1213164391614,0 -64.38962893584289,45.1217486684768,0 -64.3895522893269,45.1218387183429,0 -64.3893487683536,45.1217304651286,0 -64.38913305160079,45.1217483929485,0 -64.3891576539764,45.12208115704259,0 -64.3894375426311,45.1222973929513,0 -64.3894240752828,45.122423580842,0 -64.38961395260139,45.12270302351381,0 -64.39051491306709,45.1234140000911,0 -64.3906045924175,45.1234417132742,0 -64.3908715385773,45.1233340326055,0 -64.3910743713471,45.1233612670193,0 -64.3913172388753,45.123099958437,0 -64.3913427114673,45.12257844890691,0 -64.391216978242,45.1222181122826,0 -64.3914593711259,45.1218856956269,0 -64.3913702397724,45.1217229507225,0 -64.3914592197663,45.1216696563567,0 -64.3917129322348,45.1217502798295,0 -64.39192946206281,45.1216612236931,0 -64.39196796097811,45.1213096875004,0 -64.3922105669895,45.1212473180468,0 -64.3921966581227,45.1216165578905,0 -64.3917006049094,45.12197547291851,0 -64.3915469215768,45.1221915959548,0 -64.39178843328909,45.1226594325574,0 -64.3919276859182,45.122686540364,0 -64.392092518585,45.1226152174432,0 -64.3921561800327,45.1227233618857,0 -64.39178719153421,45.1229745075914,0 -64.3918369945749,45.1232448519432,0 -64.3912639926168,45.1238918666879,0 -64.3910475131467,45.12429687197741,0 -64.3910599909817,45.1245487678082,0 -64.3913142160068,45.12470229966701,0 -64.39138983841789,45.12493632264989,0 -64.3920121501922,45.1253239115718,0 -64.3921394894118,45.1252791506757,0 -64.39212750633951,45.12457716357881,0 -64.3928404330468,45.12377631770951,0 -64.3935025724867,45.1236062069361,0 -64.3940995502564,45.123580015209,0 -64.3943305712441,45.1223106534916,0 -64.39454679188989,45.1221045739511,0 -64.3939180241469,45.1255770099699,0 -64.3939173649218,45.1258110623597,0 -64.3941330062122,45.12620720478561,0 -64.39439041403,45.1270707811907,0 -64.3949576172005,45.1274253694192,0 -64.3954853508163,45.1281078380996,0 -64.3961095976655,45.1286290197555,0 -64.3963400627955,45.1284254632622,0 -64.39643407482831,45.12843538544971,0 -64.3962994758694,45.1286701127668,0 -64.3964187984385,45.12895963322251,0 -64.39674911174311,45.1291932912736,0 -64.39687142889851,45.1290431046481,0 -64.39704522220239,45.1291237756449,0 -64.3973569590394,45.1290015880866,0 -64.3975459480511,45.1287676160112,0 -64.3976454632589,45.1288044659209,0 -64.39760690931379,45.1289696599802,0 -64.3982358062804,45.128855388087,0 -64.3983184570113,45.12876561003941,0 -64.3984295754001,45.128839116081,0 -64.3987231000503,45.1287966418818,0 -64.3991144138526,45.1285257927004,0 -64.3992444861652,45.1285776956314,0 -64.3987675194073,45.1289522860947,0 -64.39754017429961,45.129226998319,0 -64.397037034384,45.12947346577249,0 -64.3969825889709,45.1295414827202,0 -64.39729109645521,45.1298516143483,0 -64.39770898864781,45.1296515760643,0 -64.3989241337007,45.1295006858031,0 -64.3995158845224,45.12917090233999,0 -64.3995746732097,45.1289529977172,0 -64.3998880198054,45.1289863328473,0 -64.4010970093848,45.1284075906008,0 -64.4016717512402,45.12840876316901,0 -64.40197803797111,45.1283075949487,0 -64.4020233267059,45.1285051391099,0 -64.40222886360949,45.1284928029504,0 -64.4024329177653,45.1283249623333,0 -64.40282007890259,45.1273198831472,0 -64.4030826432633,45.1270849888735,0 -64.4035302671046,45.1268985886344,0 -64.4038168563461,45.126936832883,0 -64.40392270082479,45.1271041781423,0 -64.4035745801722,45.1274342569662,0 -64.40358874794769,45.1278253865437,0 -64.4040272915028,45.1277414362939,0 -64.4042690724916,45.1278874586498,0 -64.40417192034209,45.1284550943194,0 -64.4047619901482,45.1286590510227,0 -64.4045563208594,45.1287597990176,0 -64.4046315410756,45.1290936555918,0 -64.40438798033961,45.1289214700086,0 -64.4042312601981,45.1290379803447,0 -64.40456957149379,45.1296812564456,0 -64.4048806313493,45.1298247597682,0 -64.4048916560572,45.1299449407297,0 -64.4043955959944,45.1301793540161,0 -64.40423252221051,45.1301297982526,0 -64.4041467908872,45.13021759303239,0 -64.4039882988159,45.1302138081864,0 -64.4039315966057,45.1303061607272,0 -64.403792864978,45.1302121066763,0 -64.4035718531738,45.1304415136981,0 -64.4032730903558,45.13037478414059,0 -64.403296950157,45.1299308964256,0 -64.4031358250342,45.1296775167909,0 -64.40283662610349,45.12964106413071,0 -64.4027704733859,45.1298677834933,0 -64.4024117783527,45.1296675457894,0 -64.4022131623381,45.12977309983921,0 -64.4020303114221,45.12967138496581,0 -64.40175900352899,45.1297835649935,0 -64.40178687893059,45.1299305444503,0 -64.4019808434051,45.130109051705,0 -64.40181208547629,45.13015858991331,0 -64.4016707740836,45.1303853853072,0 -64.4014736295648,45.13031331658931,0 -64.4013113509491,45.1303439429754,0 -64.4010382124515,45.1299061312631,0 -64.4003637971868,45.1300355055304,0 -64.4003305217838,45.1301406754036,0 -64.400646973644,45.13022111227469,0 -64.4007842394149,45.1303978596996,0 -64.40085177683071,45.1307023054307,0 -64.4006650362487,45.1308199893731,0 -64.40009405429559,45.1308752602998,0 -64.3993773208241,45.1308315952567,0 -64.39902127839071,45.1310117620904,0 -64.3979384208544,45.1312079505133,0 -64.3978141462733,45.1309791458652,0 -64.3972575393116,45.130825369449,0 -64.39612130251651,45.1309119051844,0 -64.39538649375559,45.1311449412531,0 -64.39521907811471,45.13111738985771,0 -64.3951384486935,45.1313045213136,0 -64.39503103803681,45.1310607087063,0 -64.39475459547749,45.1309170707255,0 -64.3945482230915,45.1305463364779,0 -64.39441555406189,45.1304854672341,0 -64.3940836723676,45.1307700493829,0 -64.3941466608867,45.13096384287451,0 -64.3940796966439,45.1312866423312,0 -64.3943972831901,45.1315573154363,0 -64.39407780659759,45.131689410322,0 -64.393712493838,45.1316929255697,0 -64.3937291773599,45.1316369923873,0 -64.3940803003435,45.1315886868933,0 -64.3938967675417,45.1313150079438,0 -64.3939058723289,45.1307786746595,0 -64.394232912625,45.1304164134857,0 -64.3946204911427,45.13038552049959,0 -64.39484220400431,45.1307298092456,0 -64.39532978890639,45.1308585342304,0 -64.39624003083441,45.1305080233263,0 -64.39621964639279,45.1303438206372,0 -64.3952781831437,45.12998673846089,0 -64.3951388182319,45.12975651291799,0 -64.394856997876,45.1297676710448,0 -64.3949024919838,45.1295023302116,0 -64.394406431137,45.1293931685137,0 -64.3938349308163,45.1290058730156,0 -64.39216017479561,45.1271233479955,0 -64.3903062342484,45.12639249762721,0 -64.3888569953001,45.1263552268523,0 -64.38841181076459,45.1267693193487,0 -64.38787790500091,45.1267236012564,0 -64.3874708660441,45.1268761858306,0 -64.3872037281735,45.1270288514623,0 -64.38711399659449,45.1272090757431,0 -64.3871776169136,45.1272632131516,0 -64.3889303038339,45.1278045100275,0 -64.3892099628498,45.1279577370133,0 -64.38951476875791,45.1283086947475,0 -64.3903016006158,45.1287149940462,0 -64.39077166079591,45.12869666622661,0 -64.3910009308368,45.1286074566148,0 -64.3911413320394,45.1287335700254,0 -64.39133147159281,45.1287609585379,0 -64.3917127935069,45.1285447706477,0 -64.3919170936995,45.1285269770475,0 -64.3920428879468,45.12894132190461,0 -64.3922460020418,45.12903156259459,0 -64.39260246162119,45.12899570898101,0 -64.39260201621789,45.12923876034969,0 -64.3931489714174,45.1291402787404,0 -64.393288064233,45.12921238623129,0 -64.3933515597666,45.1293655493714,0 -64.3931723678875,45.12978810665249,0 -64.39344008204711,45.129815445096,0 -64.3938728010268,45.1297255466456,0 -64.3939355975364,45.1297976936775,0 -64.3938720098439,45.130058619176,0 -64.39394699291719,45.130265642883,0 -64.39367971214671,45.13051735300839,0 -64.39340063902389,45.13059817417141,0 -64.392904021446,45.1305709282516,0 -64.39258660931689,45.1306963235275,0 -64.39239460235351,45.1312720737384,0 -64.3924450732196,45.13156941435309,0 -64.3921134510923,45.13168597994711,0 -64.39173065861,45.132522404033,0 -64.3912481328678,45.1326570097491,0 -64.39124675266321,45.13307110462041,0 -64.3909795431569,45.13316977871909,0 -64.3907891550499,45.1333944402539,0 -64.3909305426028,45.1325663708874,0 -64.3915037979752,45.13187434672989,0 -64.3915037566782,45.1318203370448,0 -64.39126213853829,45.1318205813497,0 -64.3912239357618,45.1317661365539,0 -64.3918864957834,45.13119095335529,0 -64.3918869546968,45.130686852608,0 -64.39223046010871,45.1303270968703,0 -64.3917736734423,45.13026425363421,0 -64.3914805928213,45.130344349712,0 -64.390858513258,45.1303348180754,0 -64.38993103665339,45.1300553589475,0 -64.3898547770678,45.1301093974257,0 -64.3898661987301,45.1303703077236,0 -64.3895997153104,45.1302889357129,0 -64.3891801347123,45.13039666153901,0 -64.3889636841897,45.13064774218069,0 -64.3889251325985,45.1303691584529,0 -64.3894220879376,45.1299913409965,0 -64.38813880134209,45.1294596485092,0 -64.3875672966937,45.12964753042,0 -64.38752796210829,45.1297560379501,0 -64.3880346935415,45.1306203337351,0 -64.38799596335321,45.1310159793576,0 -64.38770441421219,45.13084489065839,0 -64.38780702687831,45.1305663908561,0 -64.3874132532614,45.1300076704302,0 -64.3872488833842,45.1298368351727,0 -64.3867909202538,45.1296200570885,0 -64.3865242996683,45.12963769827341,0 -64.38606495730779,45.13020408235469,0 -64.3855432049148,45.13060919136571,0 -64.3853408603411,45.1303929055422,0 -64.38550610179681,45.13028468012651,0 -64.3856211837179,45.1299430189485,0 -64.3861812353001,45.1294393259495,0 -64.38676592811019,45.12932330440529,0 -64.38724981975071,45.1293507317427,0 -64.3874281661207,45.1292063374926,0 -64.3874409565252,45.1290000429995,0 -64.3871867349916,45.12884650262259,0 -64.3867678852184,45.1287741765756,0 -64.3860037960296,45.12904360489021,0 -64.38580105555489,45.128863331442,0 -64.3858909039411,45.1285300777705,0 -64.3856373154948,45.12835042126291,0 -64.3849893407869,45.1282682669847,0 -64.3846075342469,45.12809736494431,0 -64.3838195332815,45.1281141206475,0 -64.3837051328053,45.1281686173618,0 -64.38343697952951,45.1284383177531,0 -64.383258536178,45.1291579161876,0 -64.3830672607634,45.1293465779798,0 -64.38311650348891,45.13017412949419,0 -64.3826321641393,45.1308128163904,0 -64.3824137497075,45.13172103303731,0 -64.38169815626129,45.1334751264391,0 -64.38199052781729,45.1335751069081,0 -64.3822709034558,45.1334942978669,0 -64.3824867528929,45.1332693422451,0 -64.3824625194747,45.1327925454433,0 -64.3825769303438,45.13273804984,0 -64.3828428958892,45.1330084802438,0 -64.382957377059,45.1333779635536,0 -64.383732783862,45.133468486294,0 -64.3841151158834,45.1327131095969,0 -64.3844586036944,45.1325604164462,0 -64.3848151338519,45.1322635458216,0 -64.3845727027884,45.1326508500389,0 -64.38467329209369,45.1331816305859,0 -64.3845084196472,45.1332529433416,0 -64.3842414820482,45.13310045095309,0 -64.3842534528732,45.1335954081584,0 -64.3840630023381,45.1337660399747,0 -64.38354036037759,45.1338731941656,0 -64.3830197457096,45.13380118771719,0 -64.3832600028464,45.1343230754741,0 -64.38327251744811,45.1346829914972,0 -64.3831446320667,45.1349167846203,0 -64.382980193154,45.1346379240396,0 -64.3829422644758,45.1343314348402,0 -64.3826766817072,45.1339718746214,0 -64.3822946484038,45.1342141457016,0 -64.3819005404888,45.1341144973873,0 -64.3814163673796,45.1343931084379,0 -64.3806653587998,45.13510342522661,0 -64.3798247023753,45.1355249661432,0 -64.3791505064938,45.1356771398615,0 -64.37874409467901,45.1359116008653,0 -64.37869147014339,45.1362083828736,0 -64.37880578215589,45.1367300002469,0 -64.3796023540657,45.13859362733369,0 -64.3797917074058,45.13943119592741,0 -64.37971378597879,45.1399974432442,0 -64.37937039788829,45.1400511019029,0 -64.3787212840361,45.1404019068092,0 -64.37859358445979,45.14064469391139,0 -64.3788601906322,45.1408881202363,0 -64.3787573596021,45.1412656323196,0 -64.3793913280257,45.1422382660077,0 -64.3792510018404,45.1426432365046,0 -64.37937587366621,45.1434437682014,0 -64.3793114891039,45.14393874704431,0 -64.37979245516711,45.144947414971,0 -64.380250144846,45.14488517207231,0 -64.3806961785167,45.1444981168442,0 -64.38106581924551,45.14431900449,0 -64.3818538060728,45.1442923664948,0 -64.38285955847471,45.1439606292383,0 -64.3839530504401,45.143943778398,0 -64.38438563919431,45.1437909151757,0 -64.3859239752767,45.14354990062009,0 -64.38624265160369,45.1436306474308,0 -64.3869285206835,45.1440093896717,0 -64.38747778882031,45.1439984939669,0 -64.388378947932,45.144105478671,0 -64.3891166694368,45.1439325573393,0 -64.38977857830869,45.14390263666791,0 -64.39009091507479,45.14415823559129,0 -64.3904864728333,45.1442821517061,0 -64.39103229705231,45.14430426301359,0 -64.3913232864614,45.1442220514986,0 -64.39130352669061,45.144058623709,0 -64.39141977564471,45.1440409589462,0 -64.39196126382279,45.14407052703449,0 -64.39255898523579,45.14427926930221,0 -64.3926146372188,45.1442495960533,0 -64.39197207076489,45.1435658419087,0 -64.3919270553139,45.14321449690851,0 -64.3921200731635,45.14327243675171,0 -64.39276925535211,45.1439798288193,0 -64.3929478946072,45.1440233059405,0 -64.39358363949491,45.14387178161,0 -64.3933716679897,45.14344887720469,0 -64.39316283440471,45.1432732734067,0 -64.3931175304179,45.14301118406189,0 -64.3933635366529,45.14319021400081,0 -64.3943232942152,45.1434882535178,0 -64.3946049227971,45.1432415520807,0 -64.3950623709967,45.14324887163509,0 -64.39558587506021,45.1430649422143,0 -64.3956200222465,45.14267889250121,0 -64.3962715365177,45.1427871830634,0 -64.39723905568199,45.14271729420209,0 -64.3975233787537,45.14260812530139,0 -64.3974633065979,45.1427722322877,0 -64.3971524742572,45.1429490760833,0 -64.3962899947319,45.1431718964885,0 -64.3956790896835,45.1435015817503,0 -64.3955766209791,45.1436132040474,0 -64.3955800865632,45.1439023138449,0 -64.395161552231,45.1438197528096,0 -64.3947598825567,45.14404489586159,0 -64.3953178701573,45.14404630523141,0 -64.3956465641389,45.1441730910657,0 -64.39678058682991,45.145058769985,0 -64.3969490183735,45.1449131593284,0 -64.3967236411269,45.14457067515539,0 -64.3967491291444,45.1444424043705,0 -64.3971782371782,45.1440774373915,0 -64.3974809157971,45.1439310560826,0 -64.39758682799039,45.1437538126218,0 -64.3978171768775,45.1436562497959,0 -64.3980244995675,45.1438188291929,0 -64.3978340691508,45.1441893479416,0 -64.3972395164641,45.1445261776512,0 -64.3973516323766,45.1448101049044,0 -64.3974760851373,45.1448898038176,0 -64.3975778816903,45.1448871444663,0 -64.39775613573021,45.14466105430961,0 -64.3980930457831,45.14446733550719,0 -64.3991071954916,45.1441097780727,0 -64.3993203954923,45.14417804443001,0 -64.3992674918907,45.1445092348159,0 -64.3989432765726,45.14460606041629,0 -64.3988887691475,45.1447963398373,0 -64.3983942874943,45.1448913072515,0 -64.3982528309631,45.1451110156291,0 -64.3983140370573,45.1452352814168,0 -64.3992517075849,45.14602884091249,0 -64.3993143577101,45.145999843772,0 -64.3991559931499,45.1457830617106,0 -64.3991584681978,45.1455306061079,0 -64.3995207302729,45.1454601385721,0 -64.3998652752814,45.145508826403,0 -64.39953206330721,45.14571072360889,0 -64.39975490583321,45.1460771418177,0 -64.3997837396076,45.1463306988387,0 -64.3999652408703,45.1463856070739,0 -64.4001955111291,45.1460969616782,0 -64.4005099738223,45.1459953552542,0 -64.40054302690901,45.1463301905616,0 -64.4004290866426,45.1464474309436,0 -64.4005036897219,45.1465533568097,0 -64.4008808659934,45.1466101928544,0 -64.4011645428004,45.146758723145,0 -64.4013031645413,45.1467387843661,0 -64.4014466300298,45.1468802131776,0 -64.40164448822171,45.1468721041752,0 -64.4016028593514,45.1469486254737,0 -64.40107654663279,45.1470543742044,0 -64.4013014501971,45.1471460056196,0 -64.4020844134122,45.1472365185707,0 -64.40241418365351,45.1467816548425,0 -64.40252247230519,45.146968423812,0 -64.40264662195121,45.1469854690775,0 -64.403111594826,45.1466614559656,0 -64.40304541884041,45.1470175567643,0 -64.40289939562371,45.1471563478381,0 -64.4026087465808,45.14722746761,0 -64.40263526267481,45.1472936192858,0 -64.4036305526437,45.14726611125781,0 -64.4040701689356,45.147023403158,0 -64.4041774933217,45.1472224697202,0 -64.4047649227185,45.1471752127962,0 -64.4051293834241,45.1470879482582,0 -64.40522495042271,45.146980687155,0 -64.4049383672735,45.1465004005485,0 -64.405769125635,45.1468370992927,0 -64.4061557807476,45.14668984999291,0 -64.4070639342639,45.14606495301369,0 -64.40719460593949,45.1462023645359,0 -64.4079103515617,45.14644327406109,0 -64.4080446088022,45.1465872206236,0 -64.4083052005587,45.146448341986,0 -64.4089202619278,45.14654422769981,0 -64.40944333547,45.14646060889341,0 -64.40951128730239,45.1466583202101,0 -64.4100372735443,45.1467573609792,0 -64.41057916080671,45.1469832436821,0 -64.4106673007829,45.1471390180563,0 -64.41057119745651,45.1472839624193,0 -64.410382709711,45.1474435685451,0 -64.4101417749594,45.1475077561638,0 -64.410477653193,45.147881947964,0 -64.41076713134019,45.1475929007908,0 -64.4113666138277,45.147434110083,0 -64.4113380888906,45.1476792905894,0 -64.41098098866939,45.1477919137523,0 -64.41108072309881,45.14845883125,0 -64.4109623926737,45.1486629666546,0 -64.4107787226727,45.1487627426633,0 -64.4111896308651,45.1489003950507,0 -64.4110201209038,45.1490172706488,0 -64.4109628915005,45.14920453784819,0 -64.4110246069193,45.1496637161588,0 -64.41073827916721,45.1501215965134,0 -64.4105422023287,45.15024360654079,0 -64.4106750017331,45.15043921061201,0 -64.41110099326519,45.15042926538081,0 -64.4107168619325,45.1507928015502,0 -64.41047814733029,45.1507840487619,0 -64.4099090278002,45.150459159393,0 -64.4097558259962,45.1502186449257,0 -64.40996326308669,45.1500088555724,0 -64.4097147311282,45.1500362291658,0 -64.4095949480421,45.1499422452942,0 -64.4093178584384,45.1491906048741,0 -64.4091029475705,45.1493660268834,0 -64.4090345358815,45.1492870892985,0 -64.40882719799239,45.1492829957662,0 -64.4087581819575,45.1491655562704,0 -64.4082484989621,45.148932795538,0 -64.40847812214039,45.14888263209271,0 -64.4091080166468,45.1489562886877,0 -64.4093455411823,45.1483816868458,0 -64.4092464386996,45.1481923985038,0 -64.4087061530211,45.1478525734147,0 -64.40778689996181,45.14770748096231,0 -64.407604177463,45.1478670563892,0 -64.4073472634142,45.1477281680514,0 -64.4069577235277,45.1477681208115,0 -64.4069974144349,45.1481545330928,0 -64.40682629338311,45.1487564690647,0 -64.40652711215429,45.1483622808629,0 -64.4065271190874,45.1480697620401,0 -64.4063822252499,45.14791278429281,0 -64.40590654889129,45.1481451433075,0 -64.40566889736201,45.1484198664274,0 -64.405450771983,45.1484658409269,0 -64.4049795218952,45.14883420199289,0 -64.4055184725746,45.1495985534136,0 -64.4053863273388,45.1496643351479,0 -64.40516786638059,45.1496160746112,0 -64.4048745970388,45.1501780580344,0 -64.4045361479015,45.1503069315071,0 -64.4047420224101,45.1493106849762,0 -64.4044533539101,45.1490695976905,0 -64.4043496928491,45.14866397877,0 -64.4038464021104,45.1487638309824,0 -64.4039334179933,45.14906879118361,0 -64.4033859849222,45.1489411805514,0 -64.4023704236205,45.1492368074329,0 -64.4023494701206,45.14930417234559,0 -64.4020285355695,45.1492944134126,0 -64.40186518771409,45.1490687127202,0 -64.4011861817701,45.1488224805767,0 -64.4008844623274,45.1489297385106,0 -64.4007250816511,45.148883472039,0 -64.4003624898391,45.1485069148801,0 -64.40014540109399,45.14847174335771,0 -64.40004859774091,45.148575756711,0 -64.39972436135621,45.148484944585,0 -64.3995139673622,45.14824037362679,0 -64.3984576010082,45.1478225693096,0 -64.3983534033092,45.14798427354,0 -64.398551927038,45.14815773471879,0 -64.3986274402443,45.1484211080498,0 -64.39796517073771,45.1482675039429,0 -64.39728167273221,45.1486486575899,0 -64.3973237175933,45.1492371859212,0 -64.39723179853689,45.14980439042871,0 -64.3969870254121,45.1503087971448,0 -64.3967293758115,45.1505199871586,0 -64.3966659773196,45.1501424582485,0 -64.3968083194432,45.14975303263309,0 -64.3967481523832,45.1492082760103,0 -64.3966057304099,45.1488879292088,0 -64.3966274156754,45.14846056125369,0 -64.3966667238324,45.148330357189,0 -64.39743399086331,45.1478321772464,0 -64.3974157131386,45.1473891311552,0 -64.3968098907133,45.1471919184534,0 -64.3966793739539,45.14742617264589,0 -64.3963530382528,45.1472394907373,0 -64.3960921504635,45.146940188718,0 -64.3957248584789,45.1468050633728,0 -64.3956351867311,45.14698366373239,0 -64.3951890777326,45.1466205333492,0 -64.39492039828779,45.146650785422,0 -64.39486224665769,45.14690090548079,0 -64.3947346410137,45.1469908699313,0 -64.3945673132887,45.14681281731159,0 -64.39451646806251,45.1465581056863,0 -64.3942577850756,45.1465439278239,0 -64.39404996489991,45.1467205490758,0 -64.3939068747153,45.14705574540929,0 -64.3939276867136,45.14724790222049,0 -64.39382631257089,45.1471333872754,0 -64.39377771849441,45.1472309376113,0 -64.3936647115201,45.1471469542068,0 -64.3935905837175,45.1465666205705,0 -64.39350936834281,45.14649681366561,0 -64.3927265929857,45.1465551453461,0 -64.392590676515,45.14667063852029,0 -64.3925409157781,45.146960703474,0 -64.39236666586289,45.1472014001822,0 -64.392174608649,45.1472368054306,0 -64.3921243630238,45.14732044959069,0 -64.3919457300472,45.1473105653495,0 -64.39187581630669,45.1472012281618,0 -64.3921747603891,45.146918981306,0 -64.3921766365887,45.1465847260748,0 -64.39200298016959,45.14645515792851,0 -64.3917220012798,45.1464954272713,0 -64.3916567228809,45.14677264655671,0 -64.3914945470966,45.1469623262657,0 -64.391231298874,45.1467876792504,0 -64.3907945562746,45.1467447514069,0 -64.3906463749522,45.1467760819332,0 -64.39025437950529,45.147076354042,0 -64.3898900691014,45.1467618512539,0 -64.389522442565,45.1467725462661,0 -64.3893714371744,45.1468866529219,0 -64.3892366425157,45.1471937381037,0 -64.38977742651539,45.1472020362635,0 -64.38956044786291,45.1474123279882,0 -64.3896049555823,45.14768508617459,0 -64.3900382763307,45.1479230095545,0 -64.3901542180087,45.1478316441433,0 -64.390388455165,45.14797240454779,0 -64.3901511808958,45.1479725753597,0 -64.3901203665671,45.14808124971751,0 -64.3905971328229,45.1485608770847,0 -64.3908760416674,45.1486557959508,0 -64.39090927363971,45.148742851381,0 -64.3907082781308,45.1487227056601,0 -64.39058247765411,45.1487978806598,0 -64.39016985053659,45.14849320299669,0 -64.3899571110404,45.14862890092841,0 -64.38990356939409,45.1485242061466,0 -64.3896764060449,45.1485160073379,0 -64.3894036114568,45.1483972287174,0 -64.3884975327252,45.1485961615954,0 -64.3884433932035,45.1488623963857,0 -64.3882342765712,45.148937411745,0 -64.3881953907465,45.1490470388494,0 -64.388404734061,45.1492365709828,0 -64.38794281153361,45.1492014547725,0 -64.3881753594832,45.14871488661259,0 -64.3877365958058,45.1486793529743,0 -64.3872292643165,45.14918395001489,0 -64.3868205329736,45.1494050366675,0 -64.3868151565088,45.1494813011247,0 -64.38700582696529,45.14963429978341,0 -64.3879976425025,45.15001311710261,0 -64.3883144065735,45.1503279249185,0 -64.3873609612038,45.1500397680083,0 -64.3865596856982,45.1499936825158,0 -64.3863700575931,45.1498852647406,0 -64.38616618885681,45.1500290663229,0 -64.3859244933186,45.15002929999339,0 -64.3852502568446,45.1497134223669,0 -64.3850346152292,45.1496863330333,0 -64.38495854335309,45.14974937636949,0 -64.3850850809492,45.1500367859404,0 -64.3855921691944,45.1505419278856,0 -64.38660896884819,45.1507672276175,0 -64.3867613951596,45.1510201235694,0 -64.387625552439,45.15124546786251,0 -64.3877529640263,45.151515769685,0 -64.3874980201246,45.1517043025703,0 -64.3875232476029,45.15201005271949,0 -64.38670904585111,45.1520091425997,0 -64.38628901253389,45.1523148990734,0 -64.3858185162193,45.1523233113259,0 -64.3855625665586,45.1525757638573,0 -64.3853982216842,45.15256605598389,0 -64.3851050754686,45.15270103698721,0 -64.38504219242,45.15252086635489,0 -64.3854875106363,45.1519456578508,0 -64.3863277979458,45.15165820657549,0 -64.3867094608932,45.1516589726731,0 -64.3867602944526,45.1516043452455,0 -64.3857825404465,45.15115354021031,0 -64.3842296791686,45.1515387454395,0 -64.3840139613083,45.1514036260801,0 -64.38400117409989,45.1512957610838,0 -64.3841156069328,45.15118815420641,0 -64.3847017405768,45.1510172256803,0 -64.3848284175921,45.15083744722881,0 -64.3841302667641,45.1505848647515,0 -64.38383616733709,45.1512059531658,0 -64.3835691124423,45.1513676100245,0 -64.3831872675969,45.1514118439701,0 -64.3828055784119,45.1516730148947,0 -64.382818529453,45.1513668014002,0 -64.3833909779477,45.1509979997105,0 -64.383175230364,45.1508088781306,0 -64.38312509489791,45.1506294521532,0 -64.383583801312,45.15013420357499,0 -64.3836224908918,45.14994559984029,0 -64.383571313337,45.1498282981747,0 -64.3833558555372,45.1497561951002,0 -64.3829997968332,45.149972056906,0 -64.38256687351711,45.1500078968709,0 -64.38215962702149,45.150474622218,0 -64.3818539507475,45.1505647382854,0 -64.3812810860716,45.1506004756657,0 -64.3811921480347,45.15081578226519,0 -64.3809623929953,45.1509418842821,0 -64.3802018154223,45.150984252329,0 -64.380227135952,45.15138406122251,0 -64.3799816751709,45.1519060102201,0 -64.3785014028622,45.1526024374541,0 -64.3778233400953,45.152783706064,0 -64.3754560165607,45.152854044352,0 -64.3742749752756,45.1529390642236,0 -64.3740142224451,45.1530478369538,0 -64.3739832005495,45.1531466073939,0 -64.37409109778871,45.15321824033339,0 -64.3745927379199,45.1532735303051,0 -64.3752920868501,45.153513356176,0 -64.3758566439973,45.15361003748939,0 -64.37595675835961,45.1535647949161,0 -64.37608528736121,45.1531343798886,0 -64.3764638297027,45.1530806678431,0 -64.3766343396065,45.1531509494226,0 -64.3765829067856,45.1533397042224,0 -64.3768499423128,45.1534931131856,0 -64.37734553894229,45.1536284617014,0 -64.37812075077549,45.1536470124886,0 -64.37842622484899,45.1534947975498,0 -64.3787575755558,45.1529912045402,0 -64.3789996194489,45.1527938455127,0 -64.3794204688657,45.15273115108229,0 -64.3798651717877,45.152497135232,0 -64.38047604633699,45.1525068539659,0 -64.38080753204569,45.1522733030936,0 -64.3810365092252,45.1522201243251,0 -64.38094651358681,45.1524444541179,0 -64.3810354395341,45.15259730695551,0 -64.3805524388406,45.1526148504007,0 -64.3803990991304,45.1529029572852,0 -64.3805763834601,45.15329059469881,0 -64.3804351210657,45.1539737194645,0 -64.380484901562,45.1542440675604,0 -64.3806887408622,45.1543613248583,0 -64.3806118836814,45.15455038893441,0 -64.3800772883081,45.1544866390607,0 -64.3796088894541,45.15336979277551,0 -64.37949530313951,45.15346028165709,0 -64.3794554657951,45.1539189474856,0 -64.3790347408886,45.154197680317,0 -64.37847605289819,45.15429535265001,0 -64.3782077130513,45.1545110222172,0 -64.37752192185719,45.1543491669598,0 -64.3773559247375,45.1544294840062,0 -64.3773804778306,45.1547622491366,0 -64.37796618554231,45.15483529660681,0 -64.3783339467048,45.1549973882504,0 -64.37886757317889,45.1556012574438,0 -64.3792867331707,45.1558896486577,0 -64.3794881852576,45.15627698662031,0 -64.3793870426162,45.1563034132198,0 -64.3783704944713,45.15593312836,0 -64.37793955860499,45.15541983450709,0 -64.37783778774779,45.15542015351681,0 -64.3778242471757,45.1554923301709,0 -64.37797639320981,45.1556813381668,0 -64.3779635232308,45.1558336124794,0 -64.3777984114033,45.1559508262381,0 -64.3772778637283,45.1555727359209,0 -64.3771004343791,45.1552841225681,0 -64.3768839928364,45.1553830506206,0 -64.3768063111731,45.1556441352294,0 -64.3766407704429,45.1557964589367,0 -64.3765394603336,45.1558688024749,0 -64.37639886124281,45.155841692184,0 -64.3763110209983,45.15531074423039,0 -64.37663071576701,45.1547973963539,0 -64.3763125844572,45.1546356101681,0 -64.37614747547271,45.15438284443481,0 -64.3760085580638,45.1543197157778,0 -64.3751053238101,45.1544269064103,0 -64.3750024145919,45.1546972952901,0 -64.37538312827429,45.1549222520088,0 -64.3751791562666,45.155381092822,0 -64.37483664834269,45.1552636952466,0 -64.37423893261661,45.1549027233009,0 -64.37397240198329,45.15487622552499,0 -64.3738950172358,45.15493836798251,0 -64.3739960961643,45.1552270049186,0 -64.37449213426621,45.1553803728182,0 -64.37461984815241,45.15550664977841,0 -64.37441511601411,45.1557224536494,0 -64.37409728193541,45.155784789916,0 -64.3740837747379,45.1559109756196,0 -64.3743638899803,45.1559202064914,0 -64.3746947637766,45.15608275382881,0 -64.37502472119979,45.1561012847897,0 -64.37520296019861,45.15637098807169,0 -64.3758380961485,45.1564884594234,0 -64.3760163072234,45.1566510421003,0 -64.3762949419761,45.1570743621476,0 -64.3762538772197,45.1580641477254,0 -64.37664858175999,45.15823492166721,0 -64.3768773222851,45.1584878014212,0 -64.3767619464253,45.15887446333931,0 -64.3772555483379,45.1595589370559,0 -64.3778405035947,45.15975711734001,0 -64.377751373165,45.1600183405508,0 -64.3770128302573,45.1601523817143,0 -64.376975424618,45.15997279083739,0 -64.3758320730296,45.1593051577721,0 -64.3756423468478,45.1589815750502,0 -64.3751472237806,45.1586031688266,0 -64.3750339304229,45.1580716355521,0 -64.3753391130751,45.1576943913509,0 -64.37532780515269,45.1571184218367,0 -64.3748821080156,45.1572075049717,0 -64.3746667708794,45.1569823559739,0 -64.3745395377608,45.1569820874227,0 -64.3747544345317,45.1576123162796,0 -64.3746138839534,45.1576932230121,0 -64.3741450309646,45.15724248295349,0 -64.3739164556746,45.1572605364627,0 -64.37381503849279,45.1571168391993,0 -64.3737643209983,45.1565944444684,0 -64.37356164327289,45.1566841988965,0 -64.3734844268629,45.15707129863561,0 -64.3733181754133,45.1570886102191,0 -64.373294292776,45.1567828323302,0 -64.3728762332656,45.1560623357325,0 -64.37279867557029,45.1561703879277,0 -64.37295074869181,45.1567284531258,0 -64.3727210728036,45.157124595822,0 -64.3733292963048,45.1577635912465,0 -64.3735193927609,45.15842112554209,0 -64.3734424317695,45.15844815610441,0 -64.3732014685862,45.1583214306191,0 -64.3728460570628,45.1578261129852,0 -64.3725408781234,45.1577271631512,0 -64.3723255719601,45.1575560193135,0 -64.3718412269353,45.1580497290767,0 -64.371828011067,45.1584009521474,0 -64.37175063024129,45.158409983314,0 -64.3714967126885,45.1582203983435,0 -64.37166309118621,45.1579960589952,0 -64.3715244395114,45.1575728467553,0 -64.3716261661932,45.1574113953983,0 -64.3720596832443,45.1571325455628,0 -64.3718430619213,45.1568533878129,0 -64.3721366459795,45.1566284194198,0 -64.37202206017309,45.15641286561801,0 -64.3716026392846,45.1564304981631,0 -64.37120769104099,45.1566728855269,0 -64.37097950431441,45.15665402173081,0 -64.3708505322751,45.15705884418711,0 -64.3708753087253,45.1574555194377,0 -64.37048078167859,45.1577159024403,0 -64.370034877961,45.1578499773047,0 -64.3699205560158,45.1578045404359,0 -64.3698327290341,45.157696674219,0 -64.3699097770095,45.15730147763859,0 -64.3694760957567,45.15778646794949,0 -64.3690816714807,45.1577857970715,0 -64.36897942414549,45.15766009981981,0 -64.3691334804757,45.15739900515829,0 -64.3690825409538,45.15729069603491,0 -64.36881520016711,45.1574433286904,0 -64.3685981912695,45.1577852921677,0 -64.36775811342589,45.1579825928883,0 -64.3675050330969,45.15772097589269,0 -64.3675433307818,45.15746036961921,0 -64.36868968113269,45.15687682942039,0 -64.36871507829341,45.1567685051934,0 -64.3684230615842,45.15668738990059,0 -64.3687797823661,45.1562825406606,0 -64.3693013022323,45.15595942932071,0 -64.3694547064064,45.1556713459971,0 -64.3689084492662,45.15559867305511,0 -64.368297797607,45.15570592006191,0 -64.3667201790845,45.155704111559,0 -64.366287452132,45.1558569083622,0 -64.36621136904181,45.1559739399933,0 -64.3671655612995,45.15592112010599,0 -64.36758484187121,45.1561105254512,0 -64.3672025403886,45.1561907177602,0 -64.36717717847149,45.15640706100299,0 -64.36694774357321,45.1563891042671,0 -64.366884361356,45.1564519744381,0 -64.3668580848954,45.1565774119055,0 -64.36698474724621,45.156766739444,0 -64.366756183757,45.1567847694717,0 -64.3667309578894,45.15684718279699,0 -64.36684472339221,45.1571356739712,0 -64.3668061889866,45.157333271322,0 -64.3666914804576,45.15732474260789,0 -64.3664755266602,45.1571256903624,0 -64.3663114777811,45.1567027757612,0 -64.36615859230091,45.1566938031096,0 -64.3660051333743,45.156873871701,0 -64.3661952997456,45.1574314989311,0 -64.3664738295203,45.15774683324789,0 -64.3665373419645,45.15806202189751,0 -64.3663573128033,45.1587276065491,0 -64.3662052816713,45.1587546213177,0 -64.3661406474809,45.1589255257234,0 -64.3663440573864,45.1590248104138,0 -64.3663047146111,45.1593484401925,0 -64.36672141571979,45.1606000824393,0 -64.3666570647804,45.160942023884,0 -64.3662637268813,45.1604552324854,0 -64.3660867399701,45.1600774808212,0 -64.3661250727319,45.1599239942819,0 -64.365769029169,45.15993275439351,0 -64.3659475098475,45.1596812739,0 -64.36580934372979,45.1593300622707,0 -64.3658098645663,45.15897899194439,0 -64.3660395064952,45.1589519403848,0 -64.36606450105261,45.1588265185065,0 -64.3657474296502,45.15870879826869,0 -64.36573496361321,45.15818684298941,0 -64.3655956356297,45.158159704137,0 -64.36551933324969,45.1582677362428,0 -64.36544340830299,45.15823173746551,0 -64.36568482333681,45.15784538918809,0 -64.3648967656513,45.1576639681566,0 -64.36543234566641,45.15744872659841,0 -64.3655334621896,45.1573142930083,0 -64.3652302884157,45.1568723368097,0 -64.3647976132529,45.1565480489931,0 -64.3647598360034,45.15640447416671,0 -64.36512961671021,45.1563325414422,0 -64.365714466317,45.1563696557659,0 -64.365804129707,45.156288477625,0 -64.36513981689571,45.1559833085762,0 -64.36539913346481,45.15567191050391,0 -64.3652930403489,45.155300411828,0 -64.3651253688255,45.1552367945399,0 -64.3649003017823,45.1553605753149,0 -64.36481901882109,45.1556452428832,0 -64.36444785034951,45.15567536953009,0 -64.3642937762172,45.1558964277101,0 -64.3643700802088,45.1560951275329,0 -64.36429222729871,45.1563797357047,0 -64.36396159770941,45.1566791287649,0 -64.3640925403965,45.1569042890135,0 -64.3640237573305,45.1570961256609,0 -64.3637989071869,45.1572256716968,0 -64.36351175882881,45.1571815183289,0 -64.36315321119621,45.1572563902665,0 -64.36284844525601,45.15781989464491,0 -64.36236097457299,45.15795628976619,0 -64.3616339091579,45.1585278532418,0 -64.35937819597061,45.1590983397359,0 -64.3590533686944,45.15902154269881,0 -64.3584721148863,45.1586135017351,0 -64.35826633031461,45.158639111071,0 -64.3584381433362,45.1588796434587,0 -64.3590595737912,45.1593741712626,0 -64.3591198033759,45.15979805288799,0 -64.358946233487,45.1604978360884,0 -64.3583420145997,45.1612687698927,0 -64.3579405149588,45.1614903230336,0 -64.3574804474672,45.1620013886945,0 -64.3565633310704,45.1623242761538,0 -64.3561186492209,45.1627080233263,0 -64.3561085904215,45.1628456068219,0 -64.3557436752281,45.1625722756539,0 -64.3551383155482,45.1627620240172,0 -64.35443988027291,45.1634649224816,0 -64.3537773855346,45.1637518298901,0 -64.35287335548919,45.1643179457572,0 -64.3524136263209,45.1648391856454,0 -64.35222215084831,45.1652438265139,0 -64.3514714024562,45.1655128621629,0 -64.3512031288564,45.1656834675706,0 -64.3512408702606,45.165881065916,0 -64.351774713911,45.1660169639597,0 -64.3520526028652,45.16668339541809,0 -64.3524216481489,45.1668995655569,0 -64.3536135456103,45.16838601839961,0 -64.3538666410733,45.1688637061572,0 -64.35424758374521,45.1690977415076,0 -64.3542342440325,45.1692329155581,0 -64.3532927828681,45.16956453672629,0 -64.3529731745278,45.16982487150759,0 -64.35345697771611,45.16988845046211,0 -64.3536850125012,45.1701675079915,0 -64.3535563314063,45.1706983217727,0 -64.35414031489429,45.17112257663191,0 -64.354151830806,45.1716085292937,0 -64.35385790149,45.1720936032207,0 -64.3536542919833,45.1722013365989,0 -64.35352641226849,45.1723900959434,0 -64.35406053853031,45.17264301054641,0 -64.35463080529151,45.17350759704029,0 -64.35459199920371,45.1736421910027,0 -64.3543247864302,45.1738586908923,0 -64.35466818866119,45.17379610644939,0 -64.3549100026023,45.1739039575073,0 -64.3551372318739,45.174309035534,0 -64.3551376837073,45.1744890631256,0 -64.3553148361101,45.1746606922534,0 -64.35527624416621,45.1748042765247,0 -64.3556576543384,45.1748951661194,0 -64.3562788426958,45.1756511286181,0 -64.35629183868291,45.1758769155421,0 -64.3565201445125,45.1762729762174,0 -64.356455068347,45.1765338968665,0 -64.3563021284093,45.17663203129491,0 -64.356900119166,45.1766780360473,0 -64.3571545114435,45.17693966088891,0 -64.357167039347,45.17709253991309,0 -64.35790357336199,45.1772377199388,0 -64.35909857623849,45.1776618727249,0 -64.3601800543679,45.1778614332029,0 -64.36047255752111,45.1777985374791,0 -64.36094306933779,45.17783524692641,0 -64.3612363864778,45.1776463075696,0 -64.36149093107839,45.1775928724165,0 -64.3618089077568,45.1776376802057,0 -64.3621901623372,45.17782756777689,0 -64.36310734177221,45.17764829113369,0 -64.3637426644555,45.1776046980729,0 -64.36429016719531,45.1776143603633,0 -64.3646843121881,45.1777041763633,0 -64.3653209062297,45.1776605503226,0 -64.36484981898521,45.17781290923961,0 -64.3639586847189,45.1778568731488,0 -64.363462144454,45.1780095213975,0 -64.36286459603819,45.1780895687487,0 -64.3622781135375,45.178313507183,0 -64.3618710231333,45.1782679543299,0 -64.3613631226939,45.1779976698688,0 -64.3611075322433,45.1781141286875,0 -64.3608406625447,45.1780777024811,0 -64.3601776988756,45.1787247185772,0 -64.35980842302919,45.17887764413069,0 -64.35964214164279,45.17905695664189,0 -64.3596033904267,45.1793004623474,0 -64.35959515692861,45.1812861416068,0 -64.3594452731097,45.1817162241177,0 -64.3590157485493,45.1821624175461,0 -64.3589019694321,45.1827460875061,0 -64.357951154134,45.1839505663935,0 -64.3577723302697,45.1840850170788,0 -64.3573139161828,45.18423809432489,0 -64.3573139691796,45.18450814265961,0 -64.3567518310944,45.18495680401081,0 -64.35678963117989,45.1851012810928,0 -64.3564586754475,45.185154722424,0 -64.3562794844525,45.18564924035211,0 -64.3565217712099,45.1856139561429,0 -64.3565850122078,45.18570412123,0 -64.3565708686795,45.1861804845058,0 -64.356899652538,45.1869462079003,0 -64.3569374948982,45.18741384282389,0 -64.356795635316,45.1878188015968,0 -64.3569874438179,45.1878552290922,0 -64.357024797534,45.1879808079109,0 -64.35699857336181,45.1883771911621,0 -64.3568447684347,45.1885473494718,0 -64.3571498950724,45.1886382400516,0 -64.35753103889451,45.189142300765,0 -64.3575040384959,45.1898807549964,0 -64.3571716011798,45.1900872436226,0 -64.35715950554859,45.1901675018501,0 -64.3574519366242,45.1903665619672,0 -64.3574763526755,45.19048329277611,0 -64.3570295751407,45.1908603708678,0 -64.35686472789131,45.19088753459341,0 -64.3566994325426,45.19078868068851,0 -64.3563812099965,45.1910580094441,0 -64.35624038721799,45.1913999436356,0 -64.3559849216974,45.19141738053321,0 -64.35597241814,45.1914805403839,0 -64.35695288090039,45.19143648605039,0 -64.3573216572444,45.1915266286114,0 -64.35742247686289,45.1916442424097,0 -64.3573838689384,45.19173381746359,0 -64.35678539514601,45.1922099154145,0 -64.3576884383656,45.1921217666295,0 -64.357917395255,45.192220762099,0 -64.3582096739149,45.1927339785204,0 -64.35846327702259,45.1929055928006,0 -64.35889433321169,45.19341895643191,0 -64.3589196226704,45.1936256926489,0 -64.3587030421744,45.1938866166564,0 -64.35879175063791,45.19397647729989,0 -64.3587279028939,45.1940753547685,0 -64.3585238091905,45.1942191088,0 -64.3581285022107,45.1942454156558,0 -64.3580775944511,45.1943531404504,0 -64.3582562701996,45.19437171870919,0 -64.3588679708083,45.19418350752851,0 -64.35909687550991,45.1940124526894,0 -64.35935213725099,45.19398600962389,0 -64.36021639851739,45.1940324356463,0 -64.3611195166188,45.1942674078384,0 -64.36124666027671,45.19436671012641,0 -64.3613352339394,45.1947716269328,0 -64.3611812739282,45.1950417106905,0 -64.3610157804608,45.1951490024888,0 -64.3610544423494,45.1952754643785,0 -64.3614353186482,45.19528442575721,0 -64.3622609231098,45.195897489711,0 -64.3632274210656,45.1964386528368,0 -64.3636216994112,45.19647535187969,0 -64.3645380583972,45.19678216058221,0 -64.36616401648671,45.1976925826888,0 -64.36772939102789,45.198144625105,0 -64.3697022595012,45.1981740834327,0 -64.3710388408186,45.1980041133595,0 -64.3719429335996,45.19774480857821,0 -64.3730635150464,45.19764673155181,0 -64.3740570897051,45.19729720896951,0 -64.37538211851241,45.1965962323086,0 -64.3761706345242,45.19656152619569,0 -64.3768458875043,45.1966343995369,0 -64.3771772343693,45.1964368686738,0 -64.37827256205961,45.19603298155089,0 -64.37931631948931,45.195970867873,0 -64.3803094885654,45.1957653305563,0 -64.3805513987174,45.1954500499241,0 -64.3822704896038,45.1953077284326,0 -64.3828945930027,45.19505623627529,0 -64.38319980054059,45.1948319907363,0 -64.3838378830786,45.1942121493217,0 -64.3847819944758,45.1930881035324,0 -64.3851001818543,45.19297982521509,0 -64.3863854004038,45.1930083342131,0 -64.3866261330966,45.1934851965048,0 -64.38719834422351,45.1939814354569,0 -64.38827982372671,45.19395478801441,0 -64.38849653177689,45.1940187646519,0 -64.3887124075336,45.1944149102497,0 -64.3890688797371,45.1944150746454,0 -64.389499877264,45.1947572921159,0 -64.3893852332351,45.19496392387449,0 -64.38972862655061,45.1950542704022,0 -64.3901481682571,45.195657662299,0 -64.3903517391812,45.1957569015803,0 -64.39036415470881,45.19590077603059,0 -64.3900704466849,45.1961257917791,0 -64.3898542721641,45.1961887342767,0 -64.3893825806595,45.1962151790307,0 -64.3889124770821,45.1960975768751,0 -64.38856832466929,45.1961332685969,0 -64.3883013364114,45.1963579548359,0 -64.38768997139459,45.1966093306518,0 -64.38679874543899,45.19660845736961,0 -64.3859326517065,45.19675129770359,0 -64.38490202883369,45.19677730615751,0 -64.3846332790058,45.19724504848831,0 -64.3844163306989,45.197434012525,0 -64.3849759988712,45.1981995712201,0 -64.3851269312576,45.1985956109748,0 -64.3850887665221,45.198964230438,0 -64.3847700169145,45.1992606489606,0 -64.38476990928829,45.1994136774611,0 -64.3852015221854,45.19967578915301,0 -64.38470461525721,45.2001336967394,0 -64.38430899078131,45.2003581326478,0 -64.3833607452098,45.2000032621001,0 -64.3827567985312,45.1998800550916,0 -64.3824194133127,45.19988450982691,0 -64.38219908159989,45.199361258964,0 -64.38205895818049,45.199200584388,0 -64.3816870504359,45.1990341903777,0 -64.38153740542251,45.1991881193265,0 -64.38157541646279,45.1996676337249,0 -64.3814830382351,45.1999983091383,0 -64.3807470357763,45.2003698768372,0 -64.3801364765191,45.2003206662157,0 -64.37965225536411,45.20043559067,0 -64.37959294042631,45.20058858703249,0 -64.37970969486121,45.2007397168146,0 -64.3801659172013,45.2008348042107,0 -64.3802722172737,45.2010384669348,0 -64.38065260740881,45.20127197712799,0 -64.3812637774469,45.2013523049891,0 -64.38149484066329,45.20153825422899,0 -64.38148053020819,45.2017366419688,0 -64.38133286375491,45.2018758286303,0 -64.380638483087,45.2018045728515,0 -64.3806240172671,45.20188663507,0 -64.3810457989054,45.20232446507289,0 -64.3810213627677,45.2025917382067,0 -64.3807124836386,45.2026599162855,0 -64.3803654225795,45.20231653532711,0 -64.3801346340408,45.2024078738714,0 -64.3797679612656,45.2020546643822,0 -64.3790226026788,45.2016546923527,0 -64.378464807822,45.2015754273706,0 -64.3777005596056,45.2017031308438,0 -64.377453154458,45.2020546568999,0 -64.37753454472031,45.2025058868518,0 -64.37728312351651,45.20277716695201,0 -64.3772062719452,45.2027583355736,0 -64.37726163889489,45.2025284336713,0 -64.37712893433979,45.2023889708173,0 -64.3767322079114,45.2023636992279,0 -64.3763912272304,45.20245412654399,0 -64.37595852264231,45.2030254150815,0 -64.37523405374721,45.2049114304435,0 -64.37499173036061,45.20582763923069,0 -64.37433180923691,45.20703629513291,0 -64.3736511601407,45.2079192588077,0 -64.3732169878275,45.2088959487642,0 -64.37224674339539,45.2101183251963,0 -64.372130759078,45.2103789642364,0 -64.37144204705039,45.2109183317803,0 -64.37032713104119,45.2125296316566,0 -64.3695700330055,45.2130623553863,0 -64.3686313881402,45.2135842884252,0 -64.3682246124006,45.2137240436024,0 -64.3677027476236,45.2137199090097,0 -64.367545304827,45.2136276117695,0 -64.3673229569221,45.21390120394639,0 -64.3670888233641,45.2139482235433,0 -64.3672035116532,45.2141143151282,0 -64.3673738163946,45.2141852871127,0 -64.3673085901968,45.2143794578176,0 -64.367201762451,45.2144011347464,0 -64.3671138181991,45.2142717283215,0 -64.3668926292687,45.2143541306607,0 -64.3671499710324,45.2144783582425,0 -64.3671263426526,45.2145712042251,0 -64.3667777151841,45.21440189151189,0 -64.3667961093488,45.2141293291217,0 -64.3663751132429,45.2137638823823,0 -64.36585915820319,45.2138119046465,0 -64.3655165786199,45.21395028800561,0 -64.3651561275133,45.21431906293721,0 -64.36437235648501,45.215527746185,0 -64.3627778983863,45.21719403053041,0 -64.3618640965154,45.2186404042067,0 -64.3616068027906,45.2193931137007,0 -64.36104405181089,45.220255863001,0 -64.36056968896369,45.221407415058,0 -64.3605553908984,45.2219827845888,0 -64.36036461699599,45.2222082965159,0 -64.3602483845773,45.22267596181891,0 -64.3601541630124,45.2241554178361,0 -64.3600506774123,45.2244233666279,0 -64.36008049999,45.22458804569781,0 -64.3603263672255,45.2247644450142,0 -64.3604007969716,45.2249541568291,0 -64.3602914289033,45.2256858005212,0 -64.3600478899484,45.2262257794178,0 -64.36027546652539,45.2263474602557,0 -64.3609876303953,45.2263731329608,0 -64.3609930375911,45.2264475922794,0 -64.3601218514013,45.2265143879111,0 -64.3591185761684,45.2261073779774,0 -64.3587839788085,45.2256184093926,0 -64.3585668439098,45.2256359002164,0 -64.3583652776248,45.2257519253384,0 -64.3581634551073,45.2261920808234,0 -64.35799484192709,45.2272636683131,0 -64.3578337781133,45.2276365648153,0 -64.3564494666247,45.22977117502271,0 -64.3562324957519,45.22986106789781,0 -64.35593826512471,45.23018411783379,0 -64.35534926170349,45.2312902005412,0 -64.35505428003781,45.2321182434132,0 -64.35526493245359,45.23470998447861,0 -64.3552223090673,45.2362398498691,0 -64.3555089862712,45.2387055639277,0 -64.3565123727947,45.2406364965132,0 -64.3562249224002,45.24072083576321,0 -64.3557833496471,45.24102739811961,0 -64.3548249786336,45.2423583994353,0 -64.3548076917932,45.2443650423167,0 -64.35466553758189,45.2451390592799,0 -64.3546095515226,45.2469652301636,0 -64.35446901593561,45.24732515796269,0 -64.354479319533,45.2479731443356,0 -64.354415201547,45.24811702915019,0 -64.35405861464621,45.2481797696072,0 -64.3538668445057,45.24831436653869,0 -64.3536490219868,45.24885433996909,0 -64.35313766498049,45.2494833074303,0 -64.3531118149601,45.24984367414569,0 -64.35258770538179,45.2504727899742,0 -64.3526499807198,45.2508951224641,0 -64.3521873954364,45.2526135885386,0 -64.3520047022087,45.2540442991105,0 -64.35160779521421,45.2547727110388,0 -64.35125014214761,45.2553296374659,0 -64.35098273676169,45.2553931128986,0 -64.3507010781224,45.2556079814736,0 -64.3499857410972,45.256345565464,0 -64.3476638226999,45.2574846893923,0 -64.34657963289909,45.2581491939363,0 -64.3458911679451,45.2584633741802,0 -64.3444740583124,45.2593883177033,0 -64.343224322136,45.25973788795901,0 -64.341873025425,45.2598347965495,0 -64.3412871181466,45.25995960311929,0 -64.3402540261694,45.26036330421721,0 -64.3396668359192,45.2607590625617,0 -64.3390921612035,45.2609827425142,0 -64.3369122588835,45.2615645993162,0 -64.33495999360851,45.2624524856069,0 -64.33435913749631,45.2628114705143,0 -64.3334015089947,45.26355718458449,0 -64.33271061795691,45.2646994426386,0 -64.33204505499771,45.2654543366341,0 -64.33149705000601,45.2658405943671,0 -64.3310745279036,45.2664693354964,0 -64.33027842825069,45.2682951104803,0 -64.3294348873592,45.26929240384139,0 -64.3289100899428,45.2700744447313,0 -64.32858855284979,45.271099857808,0 -64.3278194282051,45.2725031401626,0 -64.32750832159149,45.2740865299017,0 -64.3272015278562,45.2746526822774,0 -64.3262800056597,45.2758659944832,0 -64.3263631896322,45.2776302189639,0 -64.32630812372,45.2790422914997,0 -64.3264679786576,45.2809775520492,0 -64.3266443169816,45.2818144399121,0 -64.3270873616616,45.2827697459057,0 -64.3271619498861,45.283452990557,0 -64.32748846069011,45.2847138996728,0 -64.3274095601533,45.2855951614638,0 -64.3268956186628,45.2871781964429,0 -64.3277921607735,45.28996902397899,0 -64.3282869462933,45.2908427083254,0 -64.32880505512981,45.2920590743593,0 -64.3294273519812,45.2930941946633,0 -64.3326276773202,45.2973109491174,0 -64.333579746768,45.298751758971,0 -64.33418996607151,45.2993738261425,0 -64.3354755696578,45.2999150750584,0 -64.33618851599419,45.3004027079541,0 -64.3365706982312,45.30081679908619,0 -64.3375253723795,45.3013853050735,0 -64.3378948402993,45.3014214888045,0 -64.3382379450054,45.301583982837,0 -64.3398317208519,45.3016129859084,0 -64.3403551205808,45.3016860511521,0 -64.3413874471872,45.3019754675552,0 -64.3426236612714,45.3020401398099,0 -64.3434523402463,45.3021852101474,0 -64.34429229228761,45.3025371747982,0 -64.3461763382746,45.303565438146,0 -64.34718280535959,45.3039451121921,0 -64.3483291944694,45.30452296467949,0 -64.3490429162437,45.30482057668261,0 -64.3499983740014,45.3050379117818,0 -64.3522788940974,45.3059947614431,0 -64.3544049939904,45.3073737648617,0 -64.3560097423326,45.3081765333657,0 -64.35817448708499,45.3094037819806,0 -64.35981564728129,45.3107641505168,0 -64.36070754130201,45.31125129492769,0 -64.36156176111341,45.31160296051889,0 -64.362860140845,45.312441691956,0 -64.3640453564625,45.31308193007669,0 -64.3655735731294,45.31371354990589,0 -64.36733184208521,45.3146790446155,0 -64.3677010280211,45.3148051486561,0 -64.368809440707,45.3155893705257,0 -64.3696115117929,45.3160487173611,0 -64.3707209783725,45.3162397243967,0 -64.37293778688201,45.3170609997042,0 -64.37504212521731,45.3174497199851,0 -64.3759212451438,45.31750483084879,0 -64.3771065152593,45.317820880734,0 -64.37974517151611,45.3189843834495,0 -64.3806498509951,45.3190400487448,0 -64.38181086380629,45.31893327782851,0 -64.3839916622107,45.3193128049334,0 -64.3850753475521,45.3195930982,0 -64.3861330181462,45.3200618260556,0 -64.38827590840231,45.3202446012577,0 -64.3929291774821,45.3215983958391,0 -64.39514793766391,45.3216459947499,0 -64.3968710368361,45.321098329207,0 -64.39785302412579,45.3210268920896,0 -64.39829911537549,45.3211627467494,0 -64.39991959512101,45.3211644764293,0 -64.40195990317839,45.32142656615151,0 -64.4097021571778,45.3218829472593,0 -64.4118696167956,45.32222700096781,0 -64.41361792709451,45.3222368565611,0 -64.4149693378514,45.3223461227904,0 -64.4151089368661,45.32241820244509,0 -64.41875757544619,45.32254661407259,0 -64.4218441247051,45.3231067792504,0 -64.4264089829274,45.3240993548133,0 -64.4288200666587,45.3245336536492,0 -64.4297242783708,45.3247680624917,0 -64.4320455997201,45.3255877748572,0 -64.43548863405709,45.3262556138891,0 -64.4386264996774,45.3267615740643,0 -64.4468789866828,45.3276203661924,0 -64.4487165726529,45.3276213528439,0 -64.4492008745993,45.32774752211001,0 -64.4502735211919,45.3276762847247,0 -64.4530156266332,45.327668402009,0 -64.4545844486085,45.32748908955901,0 -64.45739148991559,45.327625195134,0 -64.45776153686479,45.3277239830994,0 -64.4591012188632,45.3277158605436,0 -64.46397297518639,45.3287426158175,0 -64.46618034157601,45.3290770253056,0 -64.46690761381311,45.32931971405991,0 -64.4685786760007,45.3294917452475,0 -64.46903726573549,45.32960825932,0 -64.46994285204789,45.329590294858,0 -64.47106607589581,45.3294020931045,0 -64.4717419880395,45.3295824036951,0 -64.4729161684171,45.3297355759037,0 -64.4745864977132,45.33032068792621,0 -64.4760275663041,45.3306270008148,0 -64.4794214270144,45.3309430957931,0 -64.48053176904079,45.33124013749891,0 -64.4816279992079,45.3312403090751,0 -64.4817819706914,45.3313211213265,0 -64.4818840117284,45.3315637309043,0 -64.4823297770776,45.331627250168,0 -64.4826876673017,45.3319421454263,0 -64.4828909503598,45.3320052218675,0 -64.483198029771,45.3319868192072,0 -64.48336391452121,45.3318883488506,0 -64.4838731696475,45.33208605583199,0 -64.48393761771911,45.3319150933505,0 -64.4841930616589,45.3318253583334,0 -64.4846008706464,45.3318524571833,0 -64.4848809302958,45.3321674580404,0 -64.484778993997,45.3323200062072,0 -64.48484284091791,45.3324190895251,0 -64.4852644524792,45.33243700505129,0 -64.4854681478617,45.33266208554739,0 -64.48594001037991,45.3326982469754,0 -64.4860680900115,45.3323743329569,0 -64.4863874422947,45.332239654341,0 -64.48739490945709,45.3322121226509,0 -64.4877642958959,45.33242874690831,0 -64.4878534525938,45.3328605367302,0 -64.487969399791,45.3329508376501,0 -64.4883383531652,45.3330045335104,0 -64.48873431533291,45.33296876311489,0 -64.48897625651961,45.3330943241156,0 -64.490252609929,45.3333918044824,0 -64.4904697987614,45.333400669088,0 -64.49075004556541,45.3332835911859,0 -64.49078795944349,45.333707058236,0 -64.4913622508177,45.3337067627748,0 -64.4918214628929,45.3339410857676,0 -64.4950241564805,45.333868558731,0 -64.49533013474409,45.3339050548502,0 
							</coordinates>
						</LinearRing>
					</outerBoundaryIs>
				</Polygon>
				<Polygon>
					<tessellate>1</tessellate>
					<outerBoundaryIs>
						<LinearRing>
							<coordinates>
								-64.26435285135049,45.1462593141485,0 -64.26580735242641,45.1462800259883,0 -64.2698822857808,45.14568945175,0 -64.2698881355461,45.1454314878772,0 -64.27062233985509,45.1446010152706,0 -64.27111846966579,45.1443457866354,0 -64.2713909181149,45.1442937934199,0 -64.2715209553543,45.1441639722755,0 -64.2713000365198,45.1439251861665,0 -64.2718050855263,45.14352168716771,0 -64.27166630975221,45.1431494817629,0 -64.27203476638969,45.1427419216334,0 -64.2724984584742,45.1418984266213,0 -64.2728609739093,45.1416075021115,0 -64.2732058120134,45.14099100167989,0 -64.2736077123168,45.1406927943714,0 -64.2740826126732,45.1405829871656,0 -64.2740784554029,45.14027058419779,0 -64.274298748338,45.1400078868024,0 -64.2743306890047,45.1397287474075,0 -64.27513556070269,45.1393645556014,0 -64.2755433014639,45.1390326098466,0 -64.27583860865769,45.13890562752891,0 -64.2758022922971,45.13880044317611,0 -64.2759694109578,45.13872611227309,0 -64.2761981395887,45.1379754241329,0 -64.2765467959953,45.1378114858665,0 -64.2768703909038,45.1378822133444,0 -64.2771411927767,45.1377181445441,0 -64.2772920394963,45.1369719257832,0 -64.27770409664861,45.1366352430964,0 -64.27801169031051,45.136581391643,0 -64.27813355234549,45.1363204273955,0 -64.2783887349426,45.13616930386799,0 -64.2784286109802,45.1358990760969,0 -64.27867373055849,45.13579290212151,0 -64.27752597025339,45.1354069715108,0 -64.2773096630999,45.1351515819094,0 -64.27703904651,45.1350383962058,0 -64.276795472236,45.1347919521595,0 -64.276880836131,45.1345936800996,0 -64.27671222277949,45.1343786238406,0 -64.27636490600921,45.13437242420621,0 -64.27632364555051,45.134478304461,0 -64.27629620504381,45.1349016828539,0 -64.2765230412226,45.13514471437649,0 -64.27657500034439,45.1353702566912,0 -64.2763202251282,45.1353515002461,0 -64.27629215947989,45.13608905444019,0 -64.2761013292007,45.1361433969259,0 -64.2757061717288,45.1365024793959,0 -64.27569115585911,45.1367988035505,0 -64.27506901135089,45.1367886483546,0 -64.2751318631058,45.1370408947669,0 -64.2750549461547,45.1371848808362,0 -64.2746737803061,45.1370307057761,0 -64.2745464516552,45.13713834714859,0 -64.27420318293591,45.137029656295,0 -64.273923502247,45.1370921878439,0 -64.27296707526391,45.1378914121694,0 -64.27291408631309,45.13819715191911,0 -64.2726091802282,45.13809793057539,0 -64.27240647570601,45.13813349561941,0 -64.2723538966443,45.1384572429683,0 -64.2719352690733,45.13810543846111,0 -64.2715792686319,45.13816791411669,0 -64.2713281025222,45.1377911081849,0 -64.2708187599722,45.1379527770189,0 -64.270956491847,45.13811274401951,0 -64.2708576456648,45.14055149894141,0 -64.2705116536752,45.14118006752151,0 -64.2700920129186,45.1414133789064,0 -64.26968443308991,45.1415025272908,0 -64.26957956402831,45.1422220296467,0 -64.2696551353077,45.14230310502009,0 -64.2700372686872,45.1423852722077,0 -64.2700998516993,45.1425115002721,0 -64.2700222228785,45.1428535283768,0 -64.2697414700896,45.1430411853813,0 -64.2699331683405,45.142852718402,0 -64.2700104181818,45.1424935913246,0 -64.2699348261748,45.1424116162508,0 -64.26957934328141,45.1423840628653,0 -64.2694656969376,45.142249400451,0 -64.2694936323049,45.14150195699389,0 -64.26884473312749,45.14149205644731,0 -64.2684371016676,45.1419232659569,0 -64.2680675142811,45.1421200161007,0 -64.26805295170109,45.1423812183907,0 -64.26795165556879,45.14234453595879,0 -64.2679523750143,45.1421473995239,0 -64.2683988086215,45.1418597881437,0 -64.2686798378041,45.141455181109,0 -64.2689600389625,45.1413575499172,0 -64.270003672868,45.14121542357509,0 -64.27025816498281,45.1409911509908,0 -64.2705406796522,45.14042451004259,0 -64.27044215592259,45.13959653945301,0 -64.27034053664021,45.13948784900501,0 -64.2699782665905,45.1394058219122,0 -64.2700534450105,45.139263028828,0 -64.2704187787719,45.13917371899949,0 -64.270344320456,45.13874156485841,0 -64.2704860843894,45.1383097058529,0 -64.270284054196,45.13768814341859,0 -64.2710487477429,45.1374734866319,0 -64.27127806117279,45.1372044833511,0 -64.2715326951391,45.137159340414,0 -64.2714554970961,45.1373483357909,0 -64.27151907719291,45.13751956066681,0 -64.2720521180353,45.1377548794359,0 -64.27257305273849,45.1376743524165,0 -64.2729941717912,45.1372798846993,0 -64.27299686547219,45.1368297689006,0 -64.2732639011636,45.1367133703099,0 -64.2734172719729,45.1364614125137,0 -64.2736085265046,45.1364259733796,0 -64.2736332763165,45.1366237351082,0 -64.2738611546993,45.1366337958432,0 -64.274866862759,45.1363921292183,0 -64.27556928393,45.13578162077721,0 -64.275621832566,45.1354288866759,0 -64.27539440528891,45.1345941770707,0 -64.2752617019287,45.134694317846,0 -64.274855286112,45.13465051625261,0 -64.2745391565862,45.1343721110132,0 -64.2743152211599,45.1343331120864,0 -64.273984940484,45.1344414870284,0 -64.2738788324655,45.1346966991799,0 -64.27373218069221,45.1346902333907,0 -64.27334649671501,45.1344572491073,0 -64.2725274438726,45.13461634724869,0 -64.2723024332293,45.1347921373781,0 -64.2720222326401,45.1348137122355,0 -64.27188425897729,45.13490589627249,0 -64.2711123448303,45.1348338352227,0 -64.2709069489033,45.1350684555678,0 -64.2709256416437,45.1351771683449,0 -64.27072091830379,45.1351843974369,0 -64.27053862236509,45.1354170497504,0 -64.27021460427051,45.1355274145249,0 -64.270053496903,45.1358610997205,0 -64.2690877192923,45.1360801360338,0 -64.26909876254059,45.13635447570999,0 -64.2692978275513,45.1365162746548,0 -64.2693728217042,45.1368584065417,0 -64.2696518863131,45.1369399204544,0 -64.26962508976349,45.1371652612942,0 -64.269420967386,45.1373088574027,0 -64.2690268777279,45.1373168380112,0 -64.268835918295,45.1375953125547,0 -64.26849136112121,45.1376576514435,0 -64.2682988269509,45.1381521837628,0 -64.2682751668314,45.1379454070573,0 -64.2681104322168,45.1378005084602,0 -64.26772870228849,45.1376202114668,0 -64.267296739562,45.1375835979431,0 -64.2672338931506,45.1375023797139,0 -64.26746305348451,45.1373405061838,0 -64.2680734361995,45.1372788196824,0 -64.2681383786072,45.137224997416,0 -64.26806839221121,45.13716023305379,0 -64.2672430232395,45.1369784684391,0 -64.2669962351011,45.1372000384643,0 -64.26669006714189,45.1372786982006,0 -64.2667676612805,45.1373826985257,0 -64.2666092398409,45.1374883355851,0 -64.2665730594979,45.1377499667391,0 -64.2660034420694,45.1378322578904,0 -64.2659881917139,45.1380110210357,0 -64.2656927300192,45.137993232322,0 -64.2655854246858,45.1380524827278,0 -64.2657057305465,45.1382187612656,0 -64.26574214174759,45.1385424284667,0 -64.2656024837797,45.1383810363545,0 -64.26537380311881,45.1383349613915,0 -64.2650167633636,45.1385234524837,0 -64.26493974079359,45.13872144331209,0 -64.2649755590718,45.1393061580462,0 -64.265294655974,45.1391270892556,0 -64.26566370664651,45.1391365019263,0 -64.2660924592689,45.13994730424889,0 -64.26639683329689,45.1401374659135,0 -64.26663781942619,45.1401644987123,0 -64.2664591868045,45.140253796657,0 -64.2661925695879,45.1402180459808,0 -64.2657229279919,45.13997390515309,0 -64.265786803041,45.1399290887214,0 -64.26549690417789,45.1394156034441,0 -64.2651142079645,45.13959447725721,0 -64.2645303363666,45.13947582065921,0 -64.2637031023599,45.1395101831843,0 -64.26365359040101,45.1394567208156,0 -64.2639466039772,45.1391330168163,0 -64.2640737997249,45.1391334091844,0 -64.2642387074541,45.13928641305629,0 -64.2644805408611,45.1391793154773,0 -64.26450755729989,45.1389629751337,0 -64.2643846261515,45.1386490062594,0 -64.26425503518421,45.1386207444368,0 -64.2639791441711,45.1387463119876,0 -64.2636927641952,45.13864460259509,0 -64.2629920594845,45.1388619147968,0 -64.2621957770691,45.13873074256101,0 -64.2619433243426,45.13881202772389,0 -64.2620925035616,45.1389903323174,0 -64.26205261401699,45.13908474210451,0 -64.261523613327,45.1392737724202,0 -64.26171091621291,45.1392890763349,0 -64.26145795709709,45.13938791935949,0 -64.26224647895771,45.1397031775625,0 -64.26240718947879,45.1404616947628,0 -64.2623641122134,45.1408094480928,0 -64.2619579171393,45.1412789753294,0 -64.26182549562969,45.1416301462177,0 -64.26211766956079,45.14161341468219,0 -64.2626543767919,45.1410925833521,0 -64.2630482759746,45.1410747245631,0 -64.2632136038921,45.14124662881271,0 -64.2629845163376,45.14118255016831,0 -64.2626798472737,45.1412093239743,0 -64.2621556568845,45.141721015353,0 -64.2616975734516,45.1418277970374,0 -64.2616461496786,45.1419183823306,0 -64.26323541856129,45.1421195535342,0 -64.26449135914351,45.1426619583716,0 -64.2646808442158,45.1431207474742,0 -64.2659764153604,45.14355557659741,0 -64.2657082152398,45.14356395074239,0 -64.2650616708315,45.1433739779646,0 -64.2645278089378,45.1431026385183,0 -64.26442720279481,45.14275178572619,0 -64.2637919583203,45.1426697011204,0 -64.2629413340846,45.1422803364384,0 -64.2615058256376,45.1421881836407,0 -64.2611629464042,45.1420974530981,0 -64.2610749773683,45.1417995678064,0 -64.2612284352344,45.14154852554081,0 -64.2610261188878,45.1413140149111,0 -64.2601064524475,45.1422927515125,0 -64.2593546930736,45.142579197721,0 -64.25890780948041,45.1429648977128,0 -64.2584193826716,45.14298243373641,0 -64.258603428193,45.1433175193731,0 -64.2588731074399,45.1434052838742,0 -64.2592816443518,45.1434102310634,0 -64.2595230745053,45.14352630087,0 -64.26114962884959,45.1449730161719,0 -64.26254805417101,45.14580255306579,0 -64.2631911408845,45.146036695597,0 -64.26435285135049,45.1462593141485,0 
							</coordinates>
						</LinearRing>
					</outerBoundaryIs>
				</Polygon>
				<Polygon>
					<tessellate>1</tessellate>
					<outerBoundaryIs>
						<LinearRing>
							<coordinates>
								-64.3624742582886,45.10765334428,0 -64.36284283949951,45.1073302840757,0 -64.36281781083819,45.10718655467659,0 -64.3624364693989,45.10729372490849,0 -64.3623093205168,45.1071854293635,0 -64.36190359328479,45.1071758568916,0 -64.3616497472311,45.1069781447562,0 -64.3617507653094,45.1068428140429,0 -64.3621070829351,45.1066990373724,0 -64.3620815178821,45.1069604022405,0 -64.3624756052896,45.10701510373521,0 -64.3625270258927,45.1068254533543,0 -64.36275517105339,45.10663729489149,0 -64.36280804243481,45.10624148682989,0 -64.3626548642509,45.10621450908111,0 -64.3622233182197,45.1063483827409,0 -64.3620836649422,45.1061952182887,0 -64.36233769186479,45.1061867870923,0 -64.3625410403635,45.10602502995049,0 -64.3626180973686,45.1057909650091,0 -64.36254157602799,45.1056199444559,0 -64.3626688824086,45.10552120646659,0 -64.36282204519171,45.1054941738405,0 -64.3627705917381,45.1056289140574,0 -64.362897524114,45.1057282189527,0 -64.363393894209,45.10559446902549,0 -64.3635840945559,45.1054679738535,0 -64.3634182669613,45.1056571903464,0 -64.36316468489829,45.10573764169361,0 -64.3628975786372,45.1059442604857,0 -64.36293468013599,45.10600773017201,0 -64.36327851002,45.1059271111901,0 -64.3636862842267,45.1057026086717,0 -64.3635579794248,45.106026394638,0 -64.36317601862621,45.1061605799983,0 -64.36321361872621,45.1065121088546,0 -64.36357013024519,45.10632330752839,0 -64.364217762392,45.1062426585142,0 -64.3648163520547,45.1057575129177,0 -64.3652866377344,45.1055961610655,0 -64.3654781454413,45.10557856837829,0 -64.36576929722381,45.1057407190186,0 -64.36597268392281,45.1057409869452,0 -64.3659727042503,45.1058490077759,0 -64.3663536971841,45.10599387909019,0 -64.36674846788441,45.1055444682036,0 -64.36723376435209,45.10468079982749,0 -64.3674837885744,45.1044623846906,0 -64.3679340653829,45.10426768421389,0 -64.36641212634331,45.1044623412292,0 -64.3654332527983,45.10448899231059,0 -64.3652303392922,45.10455641097489,0 -64.36432222596279,45.1044266561949,0 -64.36407718288361,45.10432624322399,0 -64.3639105297853,45.1043577594907,0 -64.3637616229916,45.1042804123543,0 -64.3631106115409,45.104239485298,0 -64.36269518578899,45.1040403732438,0 -64.3624260333426,45.1038025174503,0 -64.3618838152326,45.1035362315548,0 -64.36168361048399,45.1035251162625,0 -64.3612469925596,45.1032200307722,0 -64.3611538954962,45.1029983468104,0 -64.36067126112989,45.1025910974068,0 -64.3587261316156,45.1013354657502,0 -64.3580047638664,45.101182824398,0 -64.3583609786254,45.101523715715,0 -64.3583502475951,45.1017573491701,0 -64.3584822520243,45.1018032182909,0 -64.3583103868114,45.1018720556923,0 -64.3583192485997,45.10198852315689,0 -64.3585728760584,45.1023392755797,0 -64.3584833320119,45.1026905094447,0 -64.3586475372192,45.1028613898855,0 -64.3581766236604,45.1030497272049,0 -64.357732030441,45.1034906992326,0 -64.3584680088936,45.10359896970041,0 -64.3589387223537,45.103455642382,0 -64.358633703002,45.10367171319951,0 -64.3586841243807,45.1037611309569,0 -64.3594595226821,45.1037627142143,0 -64.3600183629908,45.1036372280379,0 -64.3607674917364,45.1037102201763,0 -64.3600440128256,45.1037539454788,0 -64.35949683169051,45.1039422963195,0 -64.3589504611332,45.1039505996505,0 -64.3582381909965,45.1038780573967,0 -64.3578712478527,45.1036798813727,0 -64.3575013734711,45.1038949199472,0 -64.3575516785808,45.10446233319189,0 -64.35798384038731,45.1043545749515,0 -64.3579071838722,45.1045526250646,0 -64.3583129199429,45.1047242344128,0 -64.3585786176474,45.1049938272085,0 -64.359495066015,45.10467146003349,0 -64.36051156570799,45.1047088642132,0 -64.3611977556677,45.1046466766906,0 -64.36150198870629,45.104718664773,0 -64.3629897762673,45.1043696527152,0 -64.363295288139,45.1043885103741,0 -64.3633838890412,45.1045863915203,0 -64.3636118869786,45.1047664050203,0 -64.3635356351097,45.1048204258673,0 -64.3633576524476,45.10476583975299,0 -64.3632052649323,45.104504807543,0 -64.3631160777189,45.10449597020489,0 -64.36284980623719,45.1046305738719,0 -64.3625195203616,45.1046390158865,0 -64.3621382294078,45.1048010952458,0 -64.3613117770895,45.1048982760177,0 -64.36118328277649,45.1053750915629,0 -64.3609407527705,45.1055463150106,0 -64.3610561736016,45.1053216958234,0 -64.3610821348141,45.1049163072238,0 -64.3610067001012,45.1048443010109,0 -64.3601546380726,45.1050407799808,0 -64.3600147998979,45.1050406450653,0 -64.359926233314,45.1048967714386,0 -64.35955760926009,45.1048966596658,0 -64.35884560995861,45.10526430413721,0 -64.3587935363814,45.105534076379,0 -64.3589842149737,45.1055345079666,0 -64.3588687855943,45.10575912518011,0 -64.3589691448359,45.1065068773138,0 -64.3592608805253,45.1065340112508,0 -64.359553694726,45.10666015094149,0 -64.35974399262891,45.10685862445289,0 -64.36028934467591,45.1069133416725,0 -64.3605313100193,45.10703919334189,0 -64.360517769879,45.10711135970939,0 -64.35986930062251,45.1074251432415,0 -64.3598682758939,45.10759618882101,0 -64.3601608823618,45.1076062067273,0 -64.36061847865371,45.1074981355661,0 -64.360822264115,45.1073543797975,0 -64.3610760826117,45.1073369521207,0 -64.3612795482388,45.10766129966801,0 -64.3615450433627,45.107814756108,0 -64.3624742582886,45.10765334428,0 
							</coordinates>
						</LinearRing>
					</outerBoundaryIs>
				</Polygon>
				<Polygon>
					<tessellate>1</tessellate>
					<outerBoundaryIs>
						<LinearRing>
							<coordinates>
								-64.3413629122886,45.10429715954069,0 -64.3412347154952,45.104467907522,0 -64.34133680438239,45.1045936244478,0 -64.34124696780199,45.1047198041948,0 -64.34155139465651,45.1047468344043,0 -64.3423410474503,45.1041632423938,0 -64.34296434050999,45.10412800885749,0 -64.34340924995399,45.10385812393571,0 -64.34389251757391,45.1037606198895,0 -64.3440963203003,45.10377892546419,0 -64.34426133489551,45.103931813632,0 -64.3445789168839,45.10386956340769,0 -64.3444138767496,45.10376978644409,0 -64.3443757662065,45.1036082032256,0 -64.3446694315181,45.1029602190222,0 -64.3446446651003,45.1027714734357,0 -64.3442758095343,45.1029234449321,0 -64.3439078302012,45.1029502803037,0 -64.3436415468869,45.10276077567511,0 -64.3427388517984,45.1028046993895,0 -64.3421427336659,45.1024795413708,0 -64.3418483974163,45.1032085430439,0 -64.3416456509518,45.1032352298978,0 -64.34122422936581,45.10363985871561,0 -64.3411345698604,45.1038821591653,0 -64.3412101624905,45.10417923003651,0 -64.3413629122886,45.10429715954069,0 
							</coordinates>
						</LinearRing>
					</outerBoundaryIs>
				</Polygon>
				<Polygon>
					<tessellate>1</tessellate>
					<outerBoundaryIs>
						<LinearRing>
							<coordinates>
								-64.3862566484927,45.1489855744941,0 -64.3863201244199,45.1490847223175,0 -64.3865618530651,45.14913849742161,0 -64.3871853633156,45.14877895807059,0 -64.38726264961301,45.1486087875594,0 -64.3877076863489,45.14833872996531,0 -64.38822903913319,45.1483305915809,0 -64.3888786978446,45.14810575002699,0 -64.3889682974506,45.1479714352262,0 -64.3887643862666,45.1477461733845,0 -64.3883451379521,45.1476108461954,0 -64.3882305655128,45.1475024189316,0 -64.38840930688031,45.1472148922987,0 -64.388283379642,45.1469535746714,0 -64.3883212296009,45.1467829827312,0 -64.3875584275209,45.14680035747271,0 -64.3868966567823,45.1469974335421,0 -64.38678201931489,45.14709604415191,0 -64.38683254634211,45.14718634732591,0 -64.3874820934153,45.1471145434886,0 -64.38762126204939,45.1472406759132,0 -64.3870237311431,45.1474117672081,0 -64.3862094503711,45.1475098731837,0 -64.38604279628549,45.1478242545862,0 -64.3857112123837,45.1481568406324,0 -64.3857882991077,45.1483458402863,0 -64.3861686682343,45.14834662380099,0 -64.3862566484927,45.1489855744941,0 
							</coordinates>
						</LinearRing>
					</outerBoundaryIs>
				</Polygon>
				<Polygon>
					<tessellate>1</tessellate>
					<outerBoundaryIs>
						<LinearRing>
							<coordinates>
								-64.3657318265052,45.1108343677437,0 -64.3663558671844,45.1103489009439,0 -64.3663309130536,45.1104752240036,0 -64.3664194830835,45.1105110714211,0 -64.3667748069776,45.1105383251364,0 -64.3669154692829,45.1104664276032,0 -64.3668031768422,45.10911660925541,0 -64.3666400972127,45.10862166460301,0 -64.3659528103267,45.108692899809,0 -64.36580030439789,45.1088549550652,0 -64.3654952259409,45.1089081130365,0 -64.3650878498391,45.10909661918491,0 -64.3651132824081,45.1091503256762,0 -64.3655081649393,45.1089709705815,0 -64.3660287356078,45.1089449408355,0 -64.36641090103571,45.1088188450805,0 -64.3660789967868,45.1090802660435,0 -64.36557136403999,45.1091691535704,0 -64.3652906848089,45.1093399421708,0 -64.3653288475826,45.1093943965883,0 -64.36581213357709,45.1094039204141,0 -64.3661682588548,45.109305151165,0 -64.3662437059334,45.1093771537257,0 -64.3655949964192,45.1095739497665,0 -64.3647188938553,45.1095106087066,0 -64.3645023808344,45.1096536232771,0 -64.3644386631412,45.1098605247006,0 -64.3645897850223,45.11006756859081,0 -64.3648701090209,45.1100417051429,0 -64.3653140303084,45.1102128328621,0 -64.3655684871151,45.1101683822865,0 -64.3656328446188,45.1099884778539,0 -64.3659881485294,45.10996172398411,0 -64.36621775840629,45.1097816427492,0 -64.3666626556565,45.1096205889789,0 -64.3665480558534,45.1097191793085,0 -64.36662373607111,45.1098542000702,0 -64.3663059364154,45.10985440212739,0 -64.36619156696671,45.11001600159119,0 -64.36568314977281,45.11033894450421,0 -64.3651234313504,45.1105364739381,0 -64.3649696915034,45.1108065638,0 -64.3651606179214,45.11087000329551,0 -64.3657318265052,45.1108343677437,0 
							</coordinates>
						</LinearRing>
					</outerBoundaryIs>
				</Polygon>
				<Polygon>
					<tessellate>1</tessellate>
					<outerBoundaryIs>
						<LinearRing>
							<coordinates>
								-64.3670964457188,45.1144808396914,0 -64.3672746552096,45.1145435182683,0 -64.3675907505021,45.1150033221995,0 -64.36788274753491,45.1150394319221,0 -64.36818863415969,45.1147522119502,0 -64.3689923152259,45.11348413489261,0 -64.36892911878481,45.1133399645577,0 -64.3686368549466,45.1131859378255,0 -64.3685093299321,45.1132225732081,0 -64.368382485097,45.11344733673,0 -64.3683949224969,45.1132761545478,0 -64.3685228610243,45.113150397077,0 -64.36839584563459,45.112889068509,0 -64.3685122306331,45.1124393867216,0 -64.3682448110536,45.11242098749729,0 -64.368092094094,45.11252003633729,0 -64.3677984304388,45.1132121881621,0 -64.3677468592663,45.1136079825049,0 -64.36742848521099,45.1138512423444,0 -64.36758105935709,45.1139052257348,0 -64.36754188987619,45.1140218173805,0 -64.36736396864291,45.1141841793296,0 -64.36719927166649,45.1140484249592,0 -64.3670592630706,45.1142013307003,0 -64.3670964457188,45.1144808396914,0 
							</coordinates>
						</LinearRing>
					</outerBoundaryIs>
				</Polygon>
				<Polygon>
					<tessellate>1</tessellate>
					<outerBoundaryIs>
						<LinearRing>
							<coordinates>
								-64.3755525671163,45.10073982923219,0 -64.3774077230992,45.1004537143094,0 -64.37942889352119,45.1000953592004,0 -64.3804457866449,45.0998355123366,0 -64.37964642507031,45.09962823050429,0 -64.379493728089,45.0997263944095,0 -64.3790742933629,45.0997260598209,0 -64.3789082896912,45.0998522891724,0 -64.37733278729959,45.1001386565946,0 -64.37665894701099,45.1001827896263,0 -64.37587127629691,45.1000914636203,0 -64.3750193625003,45.1002889620453,0 -64.3741942210608,45.10022508095139,0 -64.3743328605633,45.1004412549276,0 -64.3747140429537,45.1006482077037,0 -64.3751966317629,45.1006847049109,0 -64.3755525671163,45.10073982923219,0 
							</coordinates>
						</LinearRing>
					</outerBoundaryIs>
				</Polygon>
				<Polygon>
					<tessellate>1</tessellate>
					<outerBoundaryIs>
						<LinearRing>
							<coordinates>
								-64.3665914224845,45.1128692810208,0 -64.36674456765461,45.1127342132126,0 -64.3672143306335,45.1127618954126,0 -64.3672403397626,45.1126265577848,0 -64.3670883605314,45.1124375406043,0 -64.3676104612241,45.111835372493,0 -64.36862771550381,45.1118456876579,0 -64.3687168637623,45.11174650898941,0 -64.3680686486413,45.111485116536,0 -64.3669146631139,45.1105924707358,0 -64.3662025797281,45.1106910010318,0 -64.36597258215021,45.111068225149,0 -64.3660368249101,45.1112033830787,0 -64.3664439637657,45.11089785368321,0 -64.3667359435558,45.1108808567866,0 -64.36676137865641,45.1109345718095,0 -64.36640549332471,45.1111503629527,0 -64.3663794615121,45.1112848094767,0 -64.3666204060857,45.11136653369199,0 -64.36715431095389,45.1113124328102,0 -64.3669755554765,45.11149280767489,0 -64.3666583872055,45.1115731193414,0 -64.3667972765606,45.1119063217956,0 -64.3669617302788,45.112032186822,0 -64.3664662625541,45.1124188821272,0 -64.3665030459763,45.1127884137183,0 -64.3665914224845,45.1128692810208,0 
							</coordinates>
						</LinearRing>
					</outerBoundaryIs>
				</Polygon>
				<Polygon>
					<tessellate>1</tessellate>
					<outerBoundaryIs>
						<LinearRing>
							<coordinates>
								-64.2872032128426,45.1351229520915,0 -64.2875167648112,45.1352160058537,0 -64.2876456526561,45.1353598402989,0 -64.28783798363619,45.1351297482199,0 -64.2878893322205,45.1349135781603,0 -64.2877393912824,45.1346875256942,0 -64.2877463460878,45.13446529401341,0 -64.2874397280389,45.13413189797049,0 -64.2869715004468,45.1338562320617,0 -64.28641557292011,45.1336957838844,0 -64.28605917954719,45.1337331942586,0 -64.2858756001793,45.13405293195,0 -64.28587404543541,45.1338308771687,0 -64.28576246158021,45.1336983770399,0 -64.2854019364155,45.13360844861671,0 -64.285513919276,45.1337474348477,0 -64.2855423359517,45.1341406699186,0 -64.2860313914916,45.1342001560394,0 -64.2861598886316,45.1344513870439,0 -64.28644157363669,45.13464895249269,0 -64.2867395783621,45.1346785414349,0 -64.2867927596684,45.13475868757279,0 -64.2869325766064,45.1347212852435,0 -64.2871185737736,45.1349220876804,0 -64.2872032128426,45.1351229520915,0 
							</coordinates>
						</LinearRing>
					</outerBoundaryIs>
				</Polygon>
				<Polygon>
					<tessellate>1</tessellate>
					<outerBoundaryIs>
						<LinearRing>
							<coordinates>
								-64.3404864704406,45.1042147323508,0 -64.34076748983949,45.1034588852681,0 -64.34163406153451,45.10274027755501,0 -64.3416982945643,45.1023893449456,0 -64.34154512293171,45.10247035999169,0 -64.34139345215929,45.102398327053,0 -64.3415457875154,45.1022273042952,0 -64.3419029779824,45.1020655767121,0 -64.3419404939994,45.10198502909471,0 -64.34183986227831,45.1019213897609,0 -64.3416619231256,45.1019216800071,0 -64.3404762583333,45.1030176165,0 -64.33978960930339,45.1032777328809,0 -64.3396626887576,45.1033944445207,0 -64.3396102617601,45.1039252549274,0 -64.3400157267333,45.1041959521928,0 -64.3404864704406,45.1042147323508,0 
							</coordinates>
						</LinearRing>
					</outerBoundaryIs>
				</Polygon>
				<Polygon>
					<tessellate>1</tessellate>
					<outerBoundaryIs>
						<LinearRing>
							<coordinates>
								-64.3635411089514,45.107988078614,0 -64.3635901212628,45.1082314409185,0 -64.3638200044104,45.1082764050329,0 -64.3639206642882,45.1083931258135,0 -64.3642257094895,45.108177940887,0 -64.36426505998961,45.1080154392273,0 -64.3645826109321,45.1078451127126,0 -64.3647220297518,45.10788125403619,0 -64.3651162773903,45.10772891313219,0 -64.3651934051279,45.1077648983138,0 -64.36511695219311,45.10786393136969,0 -64.36585381339469,45.1077930084715,0 -64.3657024299641,45.1074149449806,0 -64.3657152383404,45.1070457198836,0 -64.3656141592472,45.1070181230471,0 -64.36543602293909,45.1071174720623,0 -64.3654498893202,45.1067392325663,0 -64.3653740176278,45.1066492219997,0 -64.36511975911419,45.10659465043901,0 -64.36501787641041,45.1066399858959,0 -64.36466162766951,45.1069998039291,0 -64.36464871455991,45.1070980773683,0 -64.3648764870328,45.1071079577542,0 -64.3648504530273,45.1072423950497,0 -64.36439392360219,45.1073414686478,0 -64.3640111874471,45.1077637222007,0 -64.3636292163003,45.10789790919641,0 -64.3635411089514,45.107988078614,0 
							</coordinates>
						</LinearRing>
					</outerBoundaryIs>
				</Polygon>
				<Polygon>
					<tessellate>1</tessellate>
					<outerBoundaryIs>
						<LinearRing>
							<coordinates>
								-64.36351873477901,45.1066740895183,0 -64.3634164572622,45.1069165577168,0 -64.3638090752454,45.1070162899275,0 -64.3639743966167,45.107340178996,0 -64.3643177870095,45.1071335375609,0 -64.364381716873,45.1069356443418,0 -64.36490340054991,45.1064235026864,0 -64.3653355999477,45.1063706269036,0 -64.3656532146161,45.1065234596632,0 -64.3658057400576,45.1064163150337,0 -64.3656923181987,45.1061908272558,0 -64.36576815709179,45.106172816943,0 -64.3660597457571,45.1064069756311,0 -64.3662518620086,45.1062543480322,0 -64.3662384769229,45.1061194818369,0 -64.3653627382571,45.1057491812711,0 -64.3651718920347,45.105901792206,0 -64.3649683061376,45.1059465430194,0 -64.3643705942679,45.1064685771104,0 -64.3640896739367,45.1065754532166,0 -64.36369605214421,45.106593656949,0 -64.36351873477901,45.1066740895183,0 
							</coordinates>
						</LinearRing>
					</outerBoundaryIs>
				</Polygon>
				<Polygon>
					<tessellate>1</tessellate>
					<outerBoundaryIs>
						<LinearRing>
							<coordinates>
								-64.36466995162,45.1087901532648,0 -64.3647575079127,45.1089970473982,0 -64.36512675944439,45.1088089981764,0 -64.3651777969682,45.1087102689582,0 -64.365571432641,45.1086920599112,0 -64.3662836782176,45.108441393528,0 -64.36639890290959,45.1083157907163,0 -64.3660311926733,45.1079817329666,0 -64.36572629310631,45.1078827507794,0 -64.36512948049619,45.1080168114133,0 -64.3652687301341,45.1081519733718,0 -64.3645307918343,45.1081778966096,0 -64.3638944786035,45.1086814946595,0 -64.36405911619499,45.10876234434771,0 -64.3644661104654,45.10871788346369,0 -64.36466995162,45.1087901532648,0 
							</coordinates>
						</LinearRing>
					</outerBoundaryIs>
				</Polygon>
				<Polygon>
					<tessellate>1</tessellate>
					<outerBoundaryIs>
						<LinearRing>
							<coordinates>
								-64.33710331937721,45.109573539059,0 -64.33752104871201,45.11004214905851,0 -64.3376605757794,45.11046448885731,0 -64.3379139571126,45.110645165541,0 -64.3379760025514,45.11085237033221,0 -64.3381162633893,45.11087053977619,0 -64.33823134455049,45.1107359561519,0 -64.3384117723178,45.1099704921188,0 -64.338425253342,45.1092961019674,0 -64.3378410905312,45.1093758702963,0 -64.3372696863111,45.1092943366329,0 -64.337053333528,45.10939318883359,0 -64.33710331937721,45.109573539059,0 
							</coordinates>
						</LinearRing>
					</outerBoundaryIs>
				</Polygon>
				<Polygon>
					<tessellate>1</tessellate>
					<outerBoundaryIs>
						<LinearRing>
							<coordinates>
								-64.3432104581474,45.1025354014941,0 -64.34382017768181,45.10235629462329,0 -64.3439722734682,45.1024463228714,0 -64.3444169397268,45.10249239907189,0 -64.34505421653481,45.102024904495,0 -64.345079869152,45.1019264830382,0 -64.34492647812721,45.1018895909738,0 -64.3447879407899,45.1017273811461,0 -64.3445968731408,45.101709827014,0 -64.34328782507031,45.1020402941629,0 -64.3423595219281,45.1020215036413,0 -64.3423220066892,45.1021020603867,0 -64.34285477143931,45.1024900837021,0 -64.3432104581474,45.1025354014941,0 
							</coordinates>
						</LinearRing>
					</outerBoundaryIs>
				</Polygon>
				<Polygon>
					<tessellate>1</tessellate>
					<outerBoundaryIs>
						<LinearRing>
							<coordinates>
								-64.3358956538039,45.1141515753125,0 -64.3358577231386,45.1142150313438,0 -64.33614898928219,45.11460229105,0 -64.3367336386016,45.1144865275461,0 -64.336911858653,45.1143332116831,0 -64.33712957166441,45.1139111807183,0 -64.33753622483199,45.1137407860807,0 -64.33719433592709,45.1132001835723,0 -64.3358956538039,45.1141515753125,0 
							</coordinates>
						</LinearRing>
					</outerBoundaryIs>
				</Polygon>
				<Polygon>
					<tessellate>1</tessellate>
					<outerBoundaryIs>
						<LinearRing>
							<coordinates>
								-64.3702137948552,45.1562148861927,0 -64.3701769978619,45.1563448345185,0 -64.3705301189019,45.1561386353418,0 -64.3712328439842,45.1560977380404,0 -64.3717891829113,45.15557364027499,0 -64.3714346888637,45.15552542820199,0 -64.37117923474121,45.15568399083801,0 -64.3709697381469,45.15561670773771,0 -64.37085128888459,45.1551362085089,0 -64.37101873800719,45.15491220816709,0 -64.3709223221237,45.1548068313196,0 -64.3706901968841,45.1548144161092,0 -64.3705413306694,45.1549464390642,0 -64.3705395318234,45.15514690044629,0 -64.3703644656453,45.1554454891545,0 -64.3704551436353,45.155925674069,0 -64.37035475252119,45.1561492647862,0 -64.3702137948552,45.1562148861927,0 
							</coordinates>
						</LinearRing>
					</outerBoundaryIs>
				</Polygon>
				<Polygon>
					<tessellate>1</tessellate>
					<outerBoundaryIs>
						<LinearRing>
							<coordinates>
								-64.33760526120859,45.1073334314294,0 -64.3379611843792,45.1073877644568,0 -64.338291710958,45.10733438178459,0 -64.33855980014521,45.106893753816,0 -64.3388399086469,45.1067500426552,0 -64.3384469412382,45.1064701931253,0 -64.33812831778221,45.1064343282504,0 -64.33770875822469,45.1067029864979,0 -64.3374429185242,45.1065323660367,0 -64.3374038921026,45.106711958298,0 -64.33760526120859,45.1073334314294,0 
							</coordinates>
						</LinearRing>
					</outerBoundaryIs>
				</Polygon>
				<Polygon>
					<tessellate>1</tessellate>
					<outerBoundaryIs>
						<LinearRing>
							<coordinates>
								-64.3938816476515,45.12486631931999,0 -64.3940354880592,45.1237689421609,0 -64.393170774019,45.1239748255199,0 -64.3929283699015,45.12430724582681,0 -64.3933854320949,45.1247490532504,0 -64.3936139566041,45.1248389814972,0 -64.3938816476515,45.12486631931999,0 
							</coordinates>
						</LinearRing>
					</outerBoundaryIs>
				</Polygon>
				<Polygon>
					<tessellate>1</tessellate>
					<outerBoundaryIs>
						<LinearRing>
							<coordinates>
								-64.3939664767562,45.1265224975537,0 -64.39395477493061,45.126198579075,0 -64.3937141303349,45.1255588043242,0 -64.39360009624529,45.125523280376,0 -64.39338405745571,45.1256852475073,0 -64.3931439928765,45.12496444001491,0 -64.3928644300735,45.1246581923685,0 -64.3926737110006,45.12465871869279,0 -64.3925967323741,45.1248919017596,0 -64.3927995643532,45.1251801825893,0 -64.3928509069075,45.12551351953179,0 -64.3932563233781,45.12576603043241,0 -64.3939664767562,45.1265224975537,0 
							</coordinates>
						</LinearRing>
					</outerBoundaryIs>
				</Polygon>
				<Polygon>
					<tessellate>1</tessellate>
					<outerBoundaryIs>
						<LinearRing>
							<coordinates>
								-64.33625505467271,45.1042715237675,0 -64.3365075081107,45.1046862518132,0 -64.3366216761867,45.1047308246667,0 -64.3369521888884,45.1046774460574,0 -64.33706706159531,45.1044798625327,0 -64.3368904506862,45.1040471445252,0 -64.3365733554146,45.1038582182022,0 -64.3361409475424,45.1038479751458,0 -64.33625505467271,45.1042715237675,0 
							</coordinates>
						</LinearRing>
					</outerBoundaryIs>
				</Polygon>
				<Polygon>
					<tessellate>1</tessellate>
					<outerBoundaryIs>
						<LinearRing>
							<coordinates>
								-64.3370415306948,45.1091592811176,0 -64.3372441006149,45.1090695921004,0 -64.33758733598771,45.1090700732243,0 -64.3379189625131,45.1088456451826,0 -64.33790690411639,45.10876477056269,0 -64.3375380326475,45.108700678118,0 -64.3374363644824,45.1085929474811,0 -64.3374241069552,45.1084490627703,0 -64.3376408932298,45.10820617651859,0 -64.3375791124834,45.1077379080833,0 -64.3368758471956,45.10908650617999,0 -64.3370415306948,45.1091592811176,0 
							</coordinates>
						</LinearRing>
					</outerBoundaryIs>
				</Polygon>
				<Polygon>
					<tessellate>1</tessellate>
					<outerBoundaryIs>
						<LinearRing>
							<coordinates>
								-64.1851412382463,45.0770440687316,0 -64.1854714921991,45.07733109222319,0 -64.1859489930641,45.07739534757061,0 -64.1862724052442,45.07727278527079,0 -64.18629190870691,45.0771616982526,0 -64.1861522346926,45.0770286535069,0 -64.185948545228,45.0769400314615,0 -64.185589143239,45.0769305949499,0 -64.1851412382463,45.0770440687316,0 
							</coordinates>
						</LinearRing>
					</outerBoundaryIs>
				</Polygon>
				<Polygon>
					<tessellate>1</tessellate>
					<outerBoundaryIs>
						<LinearRing>
							<coordinates>
								-64.337392920851,45.1151170328671,0 -64.3374067522041,45.11478380587419,0 -64.3372544232891,45.1146847701073,0 -64.3362239080835,45.115034398978,0 -64.3361594641803,45.1151602774616,0 -64.337392920851,45.1151170328671,0 
							</coordinates>
						</LinearRing>
					</outerBoundaryIs>
				</Polygon>
				<Polygon>
					<tessellate>1</tessellate>
					<outerBoundaryIs>
						<LinearRing>
							<coordinates>
								-64.36899434914091,45.11266496087941,0 -64.3689554177021,45.1128445533652,0 -64.36939961591069,45.1130795731657,0 -64.3695271141147,45.1128818059151,0 -64.3695403284508,45.1125305794215,0 -64.36945214388091,45.1124047125712,0 -64.3693120858423,45.1123955902731,0 -64.36899434914091,45.11266496087941,0 
							</coordinates>
						</LinearRing>
					</outerBoundaryIs>
				</Polygon>
				<Polygon>
					<tessellate>1</tessellate>
					<outerBoundaryIs>
						<LinearRing>
							<coordinates>
								-64.33762727322279,45.11290345618921,0 -64.3380978394825,45.11312928848879,0 -64.3381741170486,45.1131292948513,0 -64.3381112143654,45.1128860842611,0 -64.33841704317631,45.1125899430572,0 -64.3384168699515,45.1123649100864,0 -64.33835394254641,45.11233773314,0 -64.33828972581701,45.1124186013944,0 -64.33762727322279,45.11290345618921,0 
							</coordinates>
						</LinearRing>
					</outerBoundaryIs>
				</Polygon>
				<Polygon>
					<tessellate>1</tessellate>
					<outerBoundaryIs>
						<LinearRing>
							<coordinates>
								-64.4990178563863,45.3350925455139,0 -64.4989923357478,45.3347058234503,0 -64.49868563374341,45.3347872641275,0 -64.4985324370344,45.3349305973378,0 -64.4985706170481,45.33512002400091,0 -64.4987744917824,45.3351560516955,0 -64.4990178563863,45.3350925455139,0 
							</coordinates>
						</LinearRing>
					</outerBoundaryIs>
				</Polygon>
				<Polygon>
					<tessellate>1</tessellate>
					<outerBoundaryIs>
						<LinearRing>
							<coordinates>
								-64.33718372988859,45.103760155007,0 -64.3371715060366,45.10345423781949,0 -64.3364598655435,45.103515687624,0 -64.33718372988859,45.103760155007,0 
							</coordinates>
						</LinearRing>
					</outerBoundaryIs>
				</Polygon>
				<Polygon>
					<tessellate>1</tessellate>
					<outerBoundaryIs>
						<LinearRing>
							<coordinates>
								-64.3354120119228,45.11461901331689,0 -64.335486786852,45.1147180583823,0 -64.3357292081906,45.1147008292479,0 -64.3358430198914,45.1146202734727,0 -64.33576783870009,45.1143402980464,0 -64.3356405108094,45.1143318854241,0 -64.3354120119228,45.11461901331689,0 
							</coordinates>
						</LinearRing>
					</outerBoundaryIs>
				</Polygon>
				<Polygon>
					<tessellate>1</tessellate>
					<outerBoundaryIs>
						<LinearRing>
							<coordinates>
								-64.49202662711021,45.3280011576731,0 -64.4920523042194,45.32781269515419,0 -64.4915163420513,45.32781250161559,0 -64.4916306308223,45.328082846205,0 -64.49202662711021,45.3280011576731,0 
							</coordinates>
						</LinearRing>
					</outerBoundaryIs>
				</Polygon>
				<Polygon>
					<tessellate>1</tessellate>
					<outerBoundaryIs>
						<LinearRing>
							<coordinates>
								-64.34548250572109,45.1032135032156,0 -64.345599027546,45.1032715330102,0 -64.34580114894879,45.1029801944567,0 -64.34564883494799,45.1029351800924,0 -64.34552236633731,45.1027458326793,0 -64.34541981925101,45.1027632440361,0 -64.34548250572109,45.1032135032156,0 
							</coordinates>
						</LinearRing>
					</outerBoundaryIs>
				</Polygon>
				<Polygon>
					<tessellate>1</tessellate>
					<outerBoundaryIs>
						<LinearRing>
							<coordinates>
								-64.4992724343779,45.3353088329406,0 -64.4994250775932,45.3354346458967,0 -64.49974492509421,45.33556096125349,0 -64.49977061720389,45.33547061019031,0 -64.4995533845094,45.3352187278343,0 -64.4992976521122,45.3352004855475,0 -64.4992724343779,45.3353088329406,0 
							</coordinates>
						</LinearRing>
					</outerBoundaryIs>
				</Polygon>
				<Polygon>
					<tessellate>1</tessellate>
					<outerBoundaryIs>
						<LinearRing>
							<coordinates>
								-64.512645414614,45.23140809088859,0 -64.51293867616531,45.23127368377629,0 -64.5126076102849,45.2311835547036,0 -64.512441211309,45.23134598542051,0 -64.51221188781309,45.23134542236869,0 -64.5122117270369,45.2314354393091,0 -64.512645414614,45.23140809088859,0 
							</coordinates>
						</LinearRing>
					</outerBoundaryIs>
				</Polygon>
				<Polygon>
					<tessellate>1</tessellate>
					<outerBoundaryIs>
						<LinearRing>
							<coordinates>
								-64.34566326171699,45.1024129073739,0 -64.34598016677749,45.10259280889049,0 -64.3460756566264,45.1025780007104,0 -64.34612004663521,45.1023682763195,0 -64.3456880443093,45.1023315994074,0 -64.34566326171699,45.1024129073739,0 
							</coordinates>
						</LinearRing>
					</outerBoundaryIs>
				</Polygon>
				<Polygon>
					<tessellate>1</tessellate>
					<outerBoundaryIs>
						<LinearRing>
							<coordinates>
								-64.4981109219016,45.3351107588223,0 -64.49836677239649,45.3349399832074,0 -64.4981758938336,45.334912776461,0 -64.4978055232193,45.3350481586729,0 -64.4981109219016,45.3351107588223,0 
							</coordinates>
						</LinearRing>
					</outerBoundaryIs>
				</Polygon>
				<Polygon>
					<tessellate>1</tessellate>
					<outerBoundaryIs>
						<LinearRing>
							<coordinates>
								-64.3590380149581,45.1974229649833,0 -64.35933001044459,45.19738798324221,0 -64.3594840109854,45.1971719112506,0 -64.3593944649713,45.1971540740763,0 -64.3590380149581,45.1974229649833,0 
							</coordinates>
						</LinearRing>
					</outerBoundaryIs>
				</Polygon>
				<Polygon>
					<tessellate>1</tessellate>
					<outerBoundaryIs>
						<LinearRing>
							<coordinates>
								-64.4234887841699,45.3135781494511,0 -64.4237960294266,45.3134167829524,0 -64.42334889440551,45.3134430649713,0 -64.4234887841699,45.3135781494511,0 
							</coordinates>
						</LinearRing>
					</outerBoundaryIs>
				</Polygon>
				<Polygon>
					<tessellate>1</tessellate>
					<outerBoundaryIs>
						<LinearRing>
							<coordinates>
								-64.4880343449997,45.3269038297909,0 -64.4881739076322,45.326921821413,0 -64.4879439228441,45.326813195887,0 -64.4880343449997,45.3269038297909,0 
							</coordinates>
						</LinearRing>
					</outerBoundaryIs>
				</Polygon>
			</MultiGeometry>
		</Placemark>
	</Folder>
</Document>
</kml>
